-- phpMyAdmin SQL Dump
-- version 5.2.0
-- https://www.phpmyadmin.net/
--
-- Host: 127.0.0.1
-- Tempo de geração: 10-Jun-2023 às 19:24
-- Versão do servidor: 10.4.27-MariaDB
-- versão do PHP: 8.2.0

SET SQL_MODE = "NO_AUTO_VALUE_ON_ZERO";
START TRANSACTION;
SET time_zone = "+00:00";


/*!40101 SET @OLD_CHARACTER_SET_CLIENT=@@CHARACTER_SET_CLIENT */;
/*!40101 SET @OLD_CHARACTER_SET_RESULTS=@@CHARACTER_SET_RESULTS */;
/*!40101 SET @OLD_COLLATION_CONNECTION=@@COLLATION_CONNECTION */;
/*!40101 SET NAMES utf8mb4 */;

--
-- Banco de dados: `tcc`
--

-- --------------------------------------------------------

--
-- Estrutura da tabela `arbitro`
--

CREATE TABLE `arbitro` (
  `id` bigint(20) UNSIGNED NOT NULL,
  `cpf` varchar(255) NOT NULL,
  `nome` varchar(255) NOT NULL,
  `telefone` varchar(255) DEFAULT NULL,
  `email` varchar(255) DEFAULT NULL,
  `Eexcluido` tinyint(4) NOT NULL,
  `created_at` timestamp NOT NULL DEFAULT current_timestamp(),
  `updated_at` timestamp NOT NULL DEFAULT current_timestamp()
) ENGINE=InnoDB DEFAULT CHARSET=utf8mb4 COLLATE=utf8mb4_unicode_ci;

--
-- Extraindo dados da tabela `arbitro`
--

INSERT INTO `arbitro` (`id`, `cpf`, `nome`, `telefone`, `email`, `Eexcluido`, `created_at`, `updated_at`) VALUES
(1, '001.236.547-77', 'Theo Lins', NULL, NULL, 0, '2023-03-11 00:07:11', '2023-03-11 00:07:11'),
(2, '001.144.477-77', 'Galvao Bueno', NULL, NULL, 0, '2023-03-11 00:07:34', '2023-03-11 00:07:34');

-- --------------------------------------------------------

--
-- Estrutura da tabela `arquivos`
--

CREATE TABLE `arquivos` (
  `id` bigint(20) UNSIGNED NOT NULL,
  `nome` varchar(255) NOT NULL,
  `arquivo` varchar(255) NOT NULL,
  `id_partida` bigint(20) UNSIGNED NOT NULL,
  `created_at` timestamp NULL DEFAULT NULL,
  `updated_at` timestamp NULL DEFAULT NULL
) ENGINE=InnoDB DEFAULT CHARSET=utf8mb4 COLLATE=utf8mb4_unicode_ci;

--
-- Extraindo dados da tabela `arquivos`
--

INSERT INTO `arquivos` (`id`, `nome`, `arquivo`, `id_partida`, `created_at`, `updated_at`) VALUES
(1, '1678654596.png', '1678654596.png', 2, '2023-03-12 23:56:36', '2023-03-12 23:56:36'),
(2, '1678654926.png', '1678654926.png', 3, '2023-03-13 00:02:06', '2023-03-13 00:02:06'),
(3, '1679520295.pdf', '1679520295.pdf', 5, '2023-03-23 00:24:55', '2023-03-23 00:24:55'),
(4, '1679520352.jpeg', '1679520352.jpeg', 7, '2023-03-23 00:25:52', '2023-03-23 00:25:52');

-- --------------------------------------------------------

--
-- Estrutura da tabela `campeonatos`
--

CREATE TABLE `campeonatos` (
  `id` bigint(20) UNSIGNED NOT NULL,
  `nome` varchar(100) NOT NULL,
  `formato` varchar(5) NOT NULL,
  `Eexcluido` tinyint(4) NOT NULL,
  `dataInicio` date NOT NULL,
  `dataFim` date NOT NULL,
  `numeroTimes` tinyint(4) NOT NULL,
  `created_at` timestamp NOT NULL DEFAULT current_timestamp(),
  `updated_at` timestamp NOT NULL DEFAULT current_timestamp()
) ENGINE=InnoDB DEFAULT CHARSET=utf8mb4 COLLATE=utf8mb4_unicode_ci;

--
-- Extraindo dados da tabela `campeonatos`
--

INSERT INTO `campeonatos` (`id`, `nome`, `formato`, `Eexcluido`, `dataInicio`, `dataFim`, `numeroTimes`, `created_at`, `updated_at`) VALUES
(1, 'Campeonato João Monlevade 2023', 'PC', 0, '2023-03-01', '2023-06-30', 8, '2023-03-11 00:01:49', '2023-03-11 00:01:49'),
(2, 'Copa JM', 'CP', 0, '2023-05-05', '2023-08-12', 8, '2023-03-11 02:26:12', '2023-03-11 02:26:12'),
(4, 'Copa Regional Afonso Azevedo 2023', 'CP', 0, '2023-12-01', '2023-01-31', 2, '2023-03-11 03:12:55', '2023-03-12 23:52:57'),
(5, 'Intermunicipal Médio Piracicaba', 'MM', 0, '2023-01-01', '2023-01-31', 2, '2023-03-11 03:13:32', '2023-03-12 23:53:42');

-- --------------------------------------------------------

--
-- Estrutura da tabela `grupos`
--

CREATE TABLE `grupos` (
  `id` bigint(20) UNSIGNED NOT NULL,
  `nome` varchar(1) NOT NULL,
  `id_campeonato` bigint(20) UNSIGNED NOT NULL,
  `Eexcluido` tinyint(4) NOT NULL,
  `numeroTimes` tinyint(4) NOT NULL,
  `created_at` timestamp NOT NULL DEFAULT current_timestamp(),
  `updated_at` timestamp NOT NULL DEFAULT current_timestamp()
) ENGINE=InnoDB DEFAULT CHARSET=utf8mb4 COLLATE=utf8mb4_unicode_ci;

--
-- Extraindo dados da tabela `grupos`
--

INSERT INTO `grupos` (`id`, `nome`, `id_campeonato`, `Eexcluido`, `numeroTimes`, `created_at`, `updated_at`) VALUES
(1, 'A', 2, 0, 4, '2023-03-11 02:47:57', '2023-03-11 02:47:57'),
(2, 'B', 2, 0, 4, '2023-03-11 02:48:14', '2023-03-11 02:48:14'),
(3, 'C', 2, 1, -1, '2023-04-01 21:33:30', '2023-04-01 21:34:07');

-- --------------------------------------------------------

--
-- Estrutura da tabela `jogadores`
--

CREATE TABLE `jogadores` (
  `id` bigint(20) UNSIGNED NOT NULL,
  `cpf` varchar(255) NOT NULL,
  `nome` varchar(255) NOT NULL,
  `apelido` varchar(100) NOT NULL,
  `telefone` varchar(255) DEFAULT NULL,
  `Eexcluido` tinyint(4) NOT NULL,
  `nacimento` date NOT NULL,
  `created_at` timestamp NOT NULL DEFAULT current_timestamp(),
  `updated_at` timestamp NOT NULL DEFAULT current_timestamp()
) ENGINE=InnoDB DEFAULT CHARSET=utf8mb4 COLLATE=utf8mb4_unicode_ci;

--
-- Extraindo dados da tabela `jogadores`
--

INSERT INTO `jogadores` (`id`, `cpf`, `nome`, `apelido`, `telefone`, `Eexcluido`, `nacimento`, `created_at`, `updated_at`) VALUES
(1, '123.955.654-32', 'Junior', 'Junior', NULL, 0, '1997-08-31', '2023-03-08 22:49:16', '2023-03-08 22:49:16'),
(2, '123.456.789-22', 'JOSE', 'JOSE', '', 0, '2000-03-01', '2023-03-08 22:54:50', '2023-03-08 22:54:50'),
(1512, '123.456.789-23', 'JOAO', 'JOAO', '', 0, '2000-03-01', '2023-03-08 23:42:19', '2023-03-08 23:42:19'),
(1513, '123.456.789-24', 'ANTONIO', 'ANTONIO', NULL, 0, '2000-03-01', '2023-03-08 23:42:19', '2023-03-11 03:53:40'),
(1514, '123.456.789-25', 'FRANCISCO', 'FRANCISCO', '', 0, '2000-03-01', '2023-03-08 23:42:19', '2023-03-08 23:42:19'),
(1515, '123.456.789-26', 'CARLOS', 'CARLOS', '', 0, '2000-03-01', '2023-03-08 23:42:19', '2023-03-08 23:42:19'),
(1516, '123.456.789-27', 'PAULO', 'PAULO', '', 0, '2000-03-01', '2023-03-08 23:42:19', '2023-03-08 23:42:19'),
(1517, '123.456.789-28', 'PEDRO', 'PEDRO', '', 0, '2000-03-01', '2023-03-08 23:42:19', '2023-03-08 23:42:19'),
(1518, '123.456.789-29', 'LUCAS', 'LUCAS', '', 0, '2000-03-01', '2023-03-08 23:42:19', '2023-03-08 23:42:19'),
(1519, '123.456.789-30', 'LUIZ', 'LUIZ', '', 0, '2000-03-01', '2023-03-08 23:42:19', '2023-03-08 23:42:19'),
(1520, '123.456.789-31', 'MARCOS', 'MARCOS', '', 0, '2000-03-01', '2023-03-08 23:42:19', '2023-03-08 23:42:19'),
(1521, '123.456.789-32', 'LUIS', 'LUIZ', '', 0, '2000-03-01', '2023-03-08 23:42:19', '2023-03-08 23:42:19'),
(1522, '123.456.789-33', 'GABRIEL', 'GABRIEL', '', 0, '2000-03-01', '2023-03-08 23:42:19', '2023-03-08 23:42:19'),
(1523, '123.456.789-34', 'RAFAEL', 'RAFAEL', '', 0, '2000-03-01', '2023-03-08 23:42:19', '2023-03-08 23:42:19'),
(1524, '123.456.789-35', 'DANIEL', 'DANIEL', '', 0, '2000-03-01', '2023-03-08 23:42:19', '2023-03-08 23:42:19'),
(1525, '123.456.789-36', 'MARCELO', 'MARCELO', '', 0, '2000-03-01', '2023-03-08 23:42:19', '2023-03-08 23:42:19'),
(1526, '123.456.789-37', 'BRUNO', 'BRUNO', '', 0, '2000-03-01', '2023-03-08 23:42:19', '2023-03-08 23:42:19'),
(1527, '123.456.789-38', 'EDUARDO', 'EDUARDO', '', 0, '2000-03-01', '2023-03-08 23:42:19', '2023-03-08 23:42:19'),
(1528, '123.456.789-39', 'FELIPE', 'FELIPE', '', 0, '2000-03-01', '2023-03-08 23:42:19', '2023-03-08 23:42:19'),
(1529, '123.456.789-40', 'RAIMUNDO', 'RAIMUNDO', '', 0, '2000-03-01', '2023-03-08 23:42:19', '2023-03-08 23:42:19'),
(1530, '123.456.789-41', 'RODRIGO', 'RODRIGO', '', 0, '2000-03-01', '2023-03-08 23:42:19', '2023-03-08 23:42:19'),
(1531, '123.456.789-42', 'MANOEL', 'MANOEL', '', 0, '2000-03-01', '2023-03-08 23:42:19', '2023-03-08 23:42:19'),
(1532, '123.456.789-43', 'MATEUS', 'MATEUS', '', 0, '2000-03-01', '2023-03-08 23:42:19', '2023-03-08 23:42:19'),
(1533, '123.456.789-44', 'ANDRE', 'ANDRE', '', 0, '2000-03-01', '2023-03-08 23:42:19', '2023-03-08 23:42:19'),
(1534, '123.456.789-45', 'FERNANDO', 'FERNANDO', '', 0, '2000-03-01', '2023-03-08 23:42:19', '2023-03-08 23:42:19'),
(1535, '123.456.789-46', 'FABIO', 'FABIO', '', 0, '2000-03-01', '2023-03-08 23:42:19', '2023-03-08 23:42:19'),
(1536, '123.456.789-47', 'LEONARDO', 'LEONARDO', '', 0, '2000-03-01', '2023-03-08 23:42:19', '2023-03-08 23:42:19'),
(1537, '123.456.789-48', 'GUSTAVO', 'GUSTAVO', '', 0, '2000-03-01', '2023-03-08 23:42:19', '2023-03-08 23:42:19'),
(1538, '123.456.789-49', 'GUILHERME', 'GUILHERME', '', 0, '2000-03-01', '2023-03-08 23:42:19', '2023-03-08 23:42:19'),
(1539, '123.456.789-50', 'LEANDRO', 'LEANDRO', '', 0, '2000-03-01', '2023-03-08 23:42:19', '2023-03-08 23:42:19'),
(1540, '123.456.789-51', 'TIAGO', 'TIAGO', '', 0, '2000-03-01', '2023-03-08 23:42:19', '2023-03-08 23:42:19'),
(1541, '123.456.789-52', 'ANDERSON', 'ANDERSON', '', 0, '2000-03-01', '2023-03-08 23:42:19', '2023-03-08 23:42:19'),
(1542, '123.456.789-53', 'RICARDO', 'RICARDO', '', 0, '2000-03-01', '2023-03-08 23:42:19', '2023-03-08 23:42:19'),
(1543, '123.456.789-54', 'MARCIO', 'MARCIO', '', 0, '2000-03-01', '2023-03-08 23:42:19', '2023-03-08 23:42:19'),
(1544, '123.456.789-55', 'JORGE', 'JORGE', '', 0, '2000-03-01', '2023-03-08 23:42:19', '2023-03-08 23:42:19'),
(1545, '123.456.789-56', 'SEBASTIAO', 'SEBASTIAO', '', 0, '2000-03-01', '2023-03-08 23:42:19', '2023-03-08 23:42:19'),
(1546, '123.456.789-57', 'ALEXANDRE', 'ALEXANDRE', '', 0, '2000-03-01', '2023-03-08 23:42:19', '2023-03-08 23:42:19'),
(1547, '123.456.789-58', 'ROBERTO', 'ROBERTO', '', 0, '2000-03-01', '2023-03-08 23:42:19', '2023-03-08 23:42:19'),
(1548, '123.456.789-59', 'EDSON', 'EDSON', '', 0, '2000-03-01', '2023-03-08 23:42:19', '2023-03-08 23:42:19'),
(1549, '123.456.789-60', 'DIEGO', 'DIEGO', '', 0, '2000-03-01', '2023-03-08 23:42:19', '2023-03-08 23:42:19'),
(1550, '123.456.789-61', 'VITOR', 'VITOR', '', 0, '2000-03-01', '2023-03-08 23:42:19', '2023-03-08 23:42:19'),
(1551, '123.456.789-62', 'SERGIO', 'SERGIO', '', 0, '2000-03-01', '2023-03-08 23:42:19', '2023-03-08 23:42:19'),
(1552, '123.456.789-63', 'CLAUDIO', 'CLAUDIO', '', 0, '2000-03-01', '2023-03-08 23:42:19', '2023-03-08 23:42:19'),
(1553, '123.456.789-64', 'MATHEUS', 'MATEUS', '', 0, '2000-03-01', '2023-03-08 23:42:19', '2023-03-08 23:42:19'),
(1554, '123.456.789-65', 'THIAGO', 'TIAGO', '', 0, '2000-03-01', '2023-03-08 23:42:19', '2023-03-08 23:42:19'),
(1555, '123.456.789-66', 'GERALDO', 'GERALDO', '', 0, '2000-03-01', '2023-03-08 23:42:19', '2023-03-08 23:42:19'),
(1556, '123.456.789-67', 'ADRIANO', 'ADRIANO', '', 0, '2000-03-01', '2023-03-08 23:42:19', '2023-03-08 23:42:19'),
(1557, '123.456.789-68', 'LUCIANO', 'LUCIANO', '', 0, '2000-03-01', '2023-03-08 23:42:19', '2023-03-08 23:42:19'),
(1558, '123.456.789-69', 'JULIO', 'JULIO', '', 0, '2000-03-01', '2023-03-08 23:42:19', '2023-03-08 23:42:19'),
(1559, '123.456.789-70', 'RENATO', 'RENATO', '', 0, '2000-03-01', '2023-03-08 23:42:19', '2023-03-08 23:42:19'),
(1560, '123.456.789-71', 'ALEX', 'ALEX', '', 0, '2000-03-01', '2023-03-08 23:42:19', '2023-03-08 23:42:19'),
(1561, '123.456.789-72', 'VINICIUS', 'VINICIUS', '', 0, '2000-03-01', '2023-03-08 23:42:19', '2023-03-08 23:42:19'),
(1562, '123.456.789-73', 'ROGERIO', 'ROGERIO', '', 0, '2000-03-01', '2023-03-08 23:42:19', '2023-03-08 23:42:19'),
(1563, '123.456.789-74', 'SAMUEL', 'SAMUEL', '', 0, '2000-03-01', '2023-03-08 23:42:19', '2023-03-08 23:42:19'),
(1564, '123.456.789-75', 'RONALDO', 'RONALDO', '', 0, '2000-03-01', '2023-03-08 23:42:19', '2023-03-08 23:42:19'),
(1565, '123.456.789-76', 'MARIO', 'MARIO', '', 0, '2000-03-01', '2023-03-08 23:42:19', '2023-03-08 23:42:19'),
(1566, '123.456.789-77', 'FLAVIO', 'FLAVIO', '', 0, '2000-03-01', '2023-03-08 23:42:19', '2023-03-08 23:42:19'),
(1567, '123.456.789-78', 'DOUGLAS', 'DOUGLAS', '', 0, '2000-03-01', '2023-03-08 23:42:19', '2023-03-08 23:42:19'),
(1568, '123.456.789-79', 'IGOR', 'IGOR', '', 0, '2000-03-01', '2023-03-08 23:42:19', '2023-03-08 23:42:19'),
(1569, '123.456.789-80', 'DAVI', 'DAVI', '', 0, '2000-03-01', '2023-03-08 23:42:19', '2023-03-08 23:42:19'),
(1570, '123.456.789-81', 'MANUEL', 'MANOEL', '', 0, '2000-03-01', '2023-03-08 23:42:19', '2023-03-08 23:42:19'),
(1571, '123.456.789-82', 'JEFERSON', 'JEFERSON', '', 0, '2000-03-01', '2023-03-08 23:42:19', '2023-03-08 23:42:19'),
(1572, '123.456.789-83', 'CICERO', 'CICERO', '', 0, '2000-03-01', '2023-03-08 23:42:19', '2023-03-08 23:42:19'),
(1573, '123.456.789-84', 'VICTOR', 'VICTOR', '', 0, '2000-03-01', '2023-03-08 23:42:19', '2023-03-08 23:42:19'),
(1574, '123.456.789-85', 'MIGUEL', 'MIGUEL', '', 0, '2000-03-01', '2023-03-08 23:42:19', '2023-03-08 23:42:19'),
(1575, '123.456.789-86', 'ROBSON', 'ROBSON', '', 0, '2000-03-01', '2023-03-08 23:42:19', '2023-03-08 23:42:19'),
(1576, '123.456.789-87', 'MAURICIO', 'MAURICIO', '', 0, '2000-03-01', '2023-03-08 23:42:19', '2023-03-08 23:42:19'),
(1577, '123.456.789-88', 'DANILO', 'DANILO', '', 0, '2000-03-01', '2023-03-08 23:42:19', '2023-03-08 23:42:19'),
(1578, '123.456.789-89', 'HENRIQUE', 'HENRIQUE', '', 0, '2000-03-01', '2023-03-08 23:42:19', '2023-03-08 23:42:19'),
(1579, '123.456.789-90', 'CAIO', 'CAIO', '', 0, '2000-03-01', '2023-03-08 23:42:19', '2023-03-08 23:42:19'),
(1580, '123.456.789-91', 'REGINALDO', 'REGINALDO', '', 0, '2000-03-01', '2023-03-08 23:42:19', '2023-03-08 23:42:19'),
(1581, '123.456.789-92', 'JOAQUIM', 'JOAQUIM', '', 0, '2000-03-01', '2023-03-08 23:42:19', '2023-03-08 23:42:19'),
(1582, '123.456.789-93', 'BENEDITO', 'BENEDITO', '', 0, '2000-03-01', '2023-03-08 23:42:19', '2023-03-08 23:42:19'),
(1583, '123.456.789-94', 'GILBERTO', 'GILBERTO', '', 0, '2000-03-01', '2023-03-08 23:42:19', '2023-03-08 23:42:19'),
(1584, '123.456.789-95', 'MARCO', 'MARCO', '', 0, '2000-03-01', '2023-03-08 23:42:19', '2023-03-08 23:42:19'),
(1585, '123.456.789-96', 'ALAN', 'ALAN', '', 0, '2000-03-01', '2023-03-08 23:42:19', '2023-03-08 23:42:19'),
(1586, '123.456.789-97', 'NELSON', 'NELSON', '', 0, '2000-03-01', '2023-03-08 23:42:19', '2023-03-08 23:42:19'),
(1587, '123.456.789-98', 'CRISTIANO', 'CRISTIANO', '', 0, '2000-03-01', '2023-03-08 23:42:19', '2023-03-08 23:42:19'),
(1588, '123.456.789-99', 'ELIAS', 'ELIAS', '', 0, '2000-03-01', '2023-03-08 23:42:19', '2023-03-08 23:42:19'),
(1589, '123.456.788-01', 'WILSON', 'WILSON', '', 0, '2000-03-01', '2023-03-08 23:42:19', '2023-03-08 23:42:19'),
(1590, '123.456.788-02', 'VALDIR', 'VALDIR', '', 0, '2000-03-01', '2023-03-08 23:42:19', '2023-03-08 23:42:19'),
(1591, '123.456.788-03', 'EMERSON', 'EMERSON', '', 0, '2000-03-01', '2023-03-08 23:42:19', '2023-03-08 23:42:19'),
(1592, '123.456.788-04', 'LUAN', 'LUAN', '', 0, '2000-03-01', '2023-03-08 23:42:19', '2023-03-08 23:42:19'),
(1593, '123.456.788-05', 'DAVID', 'DAVID', '', 0, '2000-03-01', '2023-03-08 23:42:19', '2023-03-08 23:42:19'),
(1594, '123.456.788-06', 'RENAN', 'RENAN', '', 0, '2000-03-01', '2023-03-08 23:42:19', '2023-03-08 23:42:19'),
(1595, '123.456.788-07', 'SEVERINO', 'SEVERINO', '', 0, '2000-03-01', '2023-03-08 23:42:19', '2023-03-08 23:42:19'),
(1596, '123.456.788-08', 'FABRICIO', 'FABRICIO', '', 0, '2000-03-01', '2023-03-08 23:42:19', '2023-03-08 23:42:19'),
(1597, '123.456.788-09', 'MAURO', 'MAURO', '', 0, '2000-03-01', '2023-03-08 23:42:19', '2023-03-08 23:42:19'),
(1598, '123.456.788-10', 'JONAS', 'JONAS', '', 0, '2000-03-01', '2023-03-08 23:42:19', '2023-03-08 23:42:19'),
(1599, '123.456.788-11', 'GILMAR', 'GILMAR', '', 0, '2000-03-01', '2023-03-08 23:42:19', '2023-03-08 23:42:19'),
(1600, '123.456.788-12', 'JEAN', 'JEAN', '', 0, '2000-03-01', '2023-03-08 23:42:19', '2023-03-08 23:42:19'),
(1601, '123.456.788-13', 'FABIANO', 'FABIANO', '', 0, '2000-03-01', '2023-03-08 23:42:19', '2023-03-08 23:42:19'),
(1602, '123.456.788-14', 'WESLEY', 'WESLEY', '', 0, '2000-03-01', '2023-03-08 23:42:19', '2023-03-08 23:42:19'),
(1603, '123.456.788-15', 'DIOGO', 'DIOGO', '', 0, '2000-03-01', '2023-03-08 23:42:19', '2023-03-08 23:42:19'),
(1604, '123.456.788-16', 'ADILSON', 'ADILSON', '', 0, '2000-03-01', '2023-03-08 23:42:19', '2023-03-08 23:42:19'),
(1605, '123.456.788-17', 'JAIR', 'JAIR', '', 0, '2000-03-01', '2023-03-08 23:42:19', '2023-03-08 23:42:19'),
(1606, '123.456.788-18', 'ALESSANDRO', 'ALESSANDRO', '', 0, '2000-03-01', '2023-03-08 23:42:19', '2023-03-08 23:42:19'),
(1607, '123.456.788-19', 'EVERTON', 'EVERTON', '', 0, '2000-03-01', '2023-03-08 23:42:19', '2023-03-08 23:42:19'),
(1608, '123.456.788-20', 'OSVALDO', 'OSVALDO', '', 0, '2000-03-01', '2023-03-08 23:42:19', '2023-03-08 23:42:19'),
(1609, '123.456.788-21', 'GILSON', 'GILSON', '', 0, '2000-03-01', '2023-03-08 23:42:19', '2023-03-08 23:42:19'),
(1610, '123.456.788-22', 'WILLIAN', 'WILLIAN', '', 0, '2000-03-01', '2023-03-08 23:42:19', '2023-03-08 23:42:19'),
(1611, '123.456.788-23', 'JOEL', 'JOEL', '', 0, '2000-03-01', '2023-03-08 23:42:19', '2023-03-08 23:42:19'),
(1612, '123.456.788-24', 'SILVIO', 'SILVIO', '', 0, '2000-03-01', '2023-03-08 23:42:19', '2023-03-08 23:42:19'),
(1613, '123.456.788-25', 'HELIO', 'HELIO', '', 0, '2000-03-01', '2023-03-08 23:42:19', '2023-03-08 23:42:19'),
(1614, '123.456.788-26', 'MAICON', 'MAICON', '', 0, '2000-03-01', '2023-03-08 23:42:19', '2023-03-08 23:42:19'),
(1615, '123.456.788-27', 'REINALDO', 'REINALDO', '', 0, '2000-03-01', '2023-03-08 23:42:19', '2023-03-08 23:42:19'),
(1616, '123.456.788-28', 'PABLO', 'PABLO', '', 0, '2000-03-01', '2023-03-08 23:42:19', '2023-03-08 23:42:19'),
(1617, '123.456.788-29', 'ARTUR', 'ARTUR', '', 0, '2000-03-01', '2023-03-08 23:42:19', '2023-03-08 23:42:19'),
(1618, '123.456.788-30', 'VAGNER', 'VAGNER', '', 0, '2000-03-01', '2023-03-08 23:42:19', '2023-03-08 23:42:19'),
(1619, '123.456.788-31', 'VALTER', 'VALTER', '', 0, '2000-03-01', '2023-03-08 23:42:19', '2023-03-08 23:42:19'),
(1620, '123.456.788-32', 'CELSO', 'CELSO', '', 0, '2000-03-01', '2023-03-08 23:42:19', '2023-03-08 23:42:19'),
(1621, '123.456.788-33', 'IVAN', 'IVAN', '', 0, '2000-03-01', '2023-03-08 23:42:19', '2023-03-08 23:42:19'),
(1622, '123.456.788-34', 'CLEITON', 'CLEITON', '', 0, '2000-03-01', '2023-03-08 23:42:19', '2023-03-08 23:42:19'),
(1623, '123.456.788-35', 'VANDERLEI', 'VANDERLEI', '', 0, '2000-03-01', '2023-03-08 23:42:19', '2023-03-08 23:42:19'),
(1624, '123.456.788-36', 'VICENTE', 'VICENTE', '', 0, '2000-03-01', '2023-03-08 23:42:19', '2023-03-08 23:42:19'),
(1625, '123.456.788-37', 'ARTHUR', 'ARTUR', '', 0, '2000-03-01', '2023-03-08 23:42:19', '2023-03-08 23:42:19'),
(1626, '123.456.788-38', 'MILTON', 'MILTON', '', 0, '2000-03-01', '2023-03-08 23:42:19', '2023-03-08 23:42:19'),
(1627, '123.456.788-39', 'DOMINGOS', 'DOMINGOS', '', 0, '2000-03-01', '2023-03-08 23:42:19', '2023-03-08 23:42:19'),
(1628, '123.456.788-40', 'WAGNER', 'WAGNER', '', 0, '2000-03-01', '2023-03-08 23:42:19', '2023-03-08 23:42:19'),
(1629, '123.456.788-41', 'SANDRO', 'SANDRO', '', 0, '2000-03-01', '2023-03-08 23:42:19', '2023-03-08 23:42:19'),
(1630, '123.456.788-42', 'MOISES', 'MOISES', '', 0, '2000-03-01', '2023-03-08 23:42:19', '2023-03-08 23:42:19'),
(1631, '123.456.788-43', 'EDILSON', 'EDILSON', '', 0, '2000-03-01', '2023-03-08 23:42:19', '2023-03-08 23:42:19'),
(1632, '123.456.788-44', 'ADEMIR', 'ADEMIR', NULL, 0, '2000-03-01', '2023-03-08 23:42:19', '2023-03-11 04:04:58'),
(1633, '123.456.788-45', 'ADAO', 'ADAO', NULL, 0, '2000-03-01', '2023-03-08 23:42:19', '2023-03-11 04:04:44'),
(1634, '123.456.788-46', 'EVANDRO', 'EVANDRO', '', 0, '2000-03-01', '2023-03-08 23:42:19', '2023-03-08 23:42:19'),
(1635, '123.456.788-47', 'CESAR', 'CESAR', '', 0, '2000-03-01', '2023-03-08 23:42:19', '2023-03-08 23:42:19'),
(1636, '123.456.788-48', 'VALMIR', 'VALMIR', '', 0, '2000-03-01', '2023-03-08 23:42:19', '2023-03-08 23:42:19'),
(1637, '123.456.788-49', 'MURILO', 'MURILO', '', 0, '2000-03-01', '2023-03-08 23:42:19', '2023-03-08 23:42:19'),
(1638, '123.456.788-50', 'JULIANO', 'JULIANO', '', 0, '2000-03-01', '2023-03-08 23:42:19', '2023-03-08 23:42:19'),
(1639, '123.456.788-51', 'EDVALDO', 'EDVALDO', '', 0, '2000-03-01', '2023-03-08 23:42:19', '2023-03-08 23:42:19'),
(1640, '123.456.788-52', 'AILTON', 'AILTON', '', 0, '2000-03-01', '2023-03-08 23:42:19', '2023-03-08 23:42:19'),
(1641, '123.456.788-53', 'JUNIOR', 'JUNIOR', '', 0, '2000-03-01', '2023-03-08 23:42:19', '2023-03-08 23:42:19'),
(1642, '123.456.788-54', 'BRENO', 'BRENO', '', 0, '2000-03-01', '2023-03-08 23:42:19', '2023-03-08 23:42:19'),
(1643, '123.456.788-55', 'NICOLAS', 'NICOLAS', '', 0, '2000-03-01', '2023-03-08 23:42:19', '2023-03-08 23:42:19'),
(1644, '123.456.788-56', 'RUAN', 'RUAN', '', 0, '2000-03-01', '2023-03-08 23:42:19', '2023-03-08 23:42:19'),
(1645, '123.456.788-57', 'ALBERTO', 'ALBERTO', '', 0, '2000-03-01', '2023-03-08 23:42:19', '2023-03-08 23:42:19'),
(1646, '123.456.788-58', 'RUBENS', 'RUBENS', '', 0, '2000-03-01', '2023-03-08 23:42:19', '2023-03-08 23:42:19'),
(1647, '123.456.788-59', 'NILTON', 'NILTON', '', 0, '2000-03-01', '2023-03-08 23:42:19', '2023-03-08 23:42:19'),
(1648, '123.456.788-60', 'AUGUSTO', 'AUGUSTO', '', 0, '2000-03-01', '2023-03-08 23:42:19', '2023-03-08 23:42:19'),
(1649, '123.456.788-61', 'CLEBER', 'CLEBER', '', 0, '2000-03-01', '2023-03-08 23:42:19', '2023-03-08 23:42:19'),
(1650, '123.456.788-62', 'OSMAR', 'OSMAR', '', 0, '2000-03-01', '2023-03-08 23:42:19', '2023-03-08 23:42:19'),
(1651, '123.456.788-63', 'NILSON', 'NELSON', '', 0, '2000-03-01', '2023-03-08 23:42:19', '2023-03-08 23:42:19'),
(1652, '123.456.788-64', 'ORLANDO', 'ORLANDO', '', 0, '2000-03-01', '2023-03-08 23:42:19', '2023-03-08 23:42:19'),
(1653, '123.456.788-65', 'HUGO', 'HUGO', '', 0, '2000-03-01', '2023-03-08 23:42:19', '2023-03-08 23:42:19'),
(1654, '123.456.788-66', 'OTAVIO', 'OTAVIO', '', 0, '2000-03-01', '2023-03-08 23:42:19', '2023-03-08 23:42:19'),
(1655, '123.456.788-67', 'VINICIOS', 'VINICIOS', '', 0, '2000-03-01', '2023-03-08 23:42:19', '2023-03-08 23:42:19'),
(1656, '123.456.788-68', 'ITALO', 'ITALO', '', 0, '2000-03-01', '2023-03-08 23:42:19', '2023-03-08 23:42:19'),
(1657, '123.456.788-69', 'WILIAN', 'WILIAN', '', 0, '2000-03-01', '2023-03-08 23:42:19', '2023-03-08 23:42:19'),
(1658, '123.456.788-70', 'ALISSON', 'ALISSON', '', 0, '2000-03-01', '2023-03-08 23:42:19', '2023-03-08 23:42:19'),
(1659, '123.456.788-71', 'APARECIDO', 'APARECIDO', '', 0, '2000-03-01', '2023-03-08 23:42:19', '2023-03-08 23:42:19'),
(1660, '123.456.788-72', 'ISRAEL', 'ISRAEL', '', 0, '2000-03-01', '2023-03-08 23:42:19', '2023-03-08 23:42:19'),
(1661, '123.456.788-73', 'EDMILSON', 'EDMILSON', '', 0, '2000-03-01', '2023-03-08 23:42:19', '2023-03-08 23:42:19'),
(1662, '123.456.788-74', 'JOSUE', 'JOSUE', '', 0, '2000-03-01', '2023-03-08 23:42:19', '2023-03-08 23:42:19'),
(1663, '123.456.788-75', 'GERSON', 'GERSON', '', 0, '2000-03-01', '2023-03-08 23:42:19', '2023-03-08 23:42:19'),
(1664, '123.456.788-76', 'CAUA', 'CAUA', '', 0, '2000-03-01', '2023-03-08 23:42:19', '2023-03-08 23:42:19'),
(1665, '123.456.788-77', 'SIDNEI', 'SIDNEI', '', 0, '2000-03-01', '2023-03-08 23:42:19', '2023-03-08 23:42:19'),
(1666, '123.456.788-78', 'EMANUEL', 'EMANUEL', '', 0, '2000-03-01', '2023-03-08 23:42:19', '2023-03-08 23:42:19'),
(1667, '123.456.788-79', 'VALDEMAR', 'VALDEMAR', '', 0, '2000-03-01', '2023-03-08 23:42:19', '2023-03-08 23:42:19'),
(1668, '123.456.788-80', 'JAIME', 'JAIME', '', 0, '2000-03-01', '2023-03-08 23:42:19', '2023-03-08 23:42:19'),
(1669, '123.456.788-81', 'EDIVALDO', 'EDIVALDO', '', 0, '2000-03-01', '2023-03-08 23:42:19', '2023-03-08 23:42:19'),
(1670, '123.456.788-82', 'ARNALDO', 'ARNALDO', '', 0, '2000-03-01', '2023-03-08 23:42:19', '2023-03-08 23:42:19'),
(1671, '123.456.788-83', 'MOACIR', 'MOACIR', '', 0, '2000-03-01', '2023-03-08 23:42:19', '2023-03-08 23:42:19'),
(1672, '123.456.788-84', 'DAMIAO', 'DAMIAO', '', 0, '2000-03-01', '2023-03-08 23:42:19', '2023-03-08 23:42:19'),
(1673, '123.456.788-85', 'ISMAEL', 'ISMAEL', '', 0, '2000-03-01', '2023-03-08 23:42:19', '2023-03-08 23:42:19'),
(1674, '123.456.788-86', 'NIVALDO', 'NIVALDO', '', 0, '2000-03-01', '2023-03-08 23:42:19', '2023-03-08 23:42:19'),
(1675, '123.456.788-87', 'JAIRO', 'JAIRO', '', 0, '2000-03-01', '2023-03-08 23:42:19', '2023-03-08 23:42:19'),
(1676, '123.456.788-88', 'ISAIAS', 'ISAIAS', '', 0, '2000-03-01', '2023-03-08 23:42:19', '2023-03-08 23:42:19'),
(1677, '123.456.788-89', 'MICHEL', 'MICHEL', '', 0, '2000-03-01', '2023-03-08 23:42:19', '2023-03-08 23:42:19'),
(1678, '123.456.788-90', 'ANGELO', 'ANGELO', '', 0, '2000-03-01', '2023-03-08 23:42:19', '2023-03-08 23:42:19'),
(1679, '123.456.788-91', 'CRISTIAN', 'CRISTIAN', '', 0, '2000-03-01', '2023-03-08 23:42:19', '2023-03-08 23:42:19'),
(1680, '123.456.788-92', 'WELLINGTON', 'WELLINGTON', '', 0, '2000-03-01', '2023-03-08 23:42:19', '2023-03-08 23:42:19'),
(1681, '123.456.788-93', 'ALEXANDRO', 'ALESSANDRO', '', 0, '2000-03-01', '2023-03-08 23:42:19', '2023-03-08 23:42:19'),
(1682, '123.456.788-94', 'VALDEMIR', 'VALDEMIR', '', 0, '2000-03-01', '2023-03-08 23:42:19', '2023-03-08 23:42:19'),
(1683, '123.456.788-95', 'WANDERSON', 'WANDERSON', '', 0, '2000-03-01', '2023-03-08 23:42:19', '2023-03-08 23:42:19'),
(1684, '123.456.788-96', 'JAILSON', 'GILSON', '', 0, '2000-03-01', '2023-03-08 23:42:19', '2023-03-08 23:42:19'),
(1685, '123.456.788-97', 'DENIS', 'DENIS', '', 0, '2000-03-01', '2023-03-08 23:42:19', '2023-03-08 23:42:19'),
(1686, '123.456.788-98', 'RIAN', 'RIAN', '', 0, '2000-03-01', '2023-03-08 23:42:19', '2023-03-08 23:42:19'),
(1687, '123.456.788-99', 'CELIO', 'CELIO', '', 0, '2000-03-01', '2023-03-08 23:42:19', '2023-03-08 23:42:19'),
(1688, '123.456.779-01', 'CLAUDINEI', 'CLAUDINEI', '', 0, '2000-03-01', '2023-03-08 23:42:19', '2023-03-08 23:42:19'),
(1689, '123.456.779-02', 'DENILSON', 'DENILSON', '', 0, '2000-03-01', '2023-03-08 23:42:19', '2023-03-08 23:42:19'),
(1690, '123.456.779-03', 'IAGO', 'IAGO', '', 0, '2000-03-01', '2023-03-08 23:42:19', '2023-03-08 23:42:19'),
(1691, '123.456.779-04', 'EDER', 'EDER', '', 0, '2000-03-01', '2023-03-08 23:42:19', '2023-03-08 23:42:19'),
(1692, '123.456.779-05', 'YURI', 'YURI', '', 0, '2000-03-01', '2023-03-08 23:42:19', '2023-03-08 23:42:19'),
(1693, '123.456.779-06', 'CHARLES', 'CHARLES', '', 0, '2000-03-01', '2023-03-08 23:42:19', '2023-03-08 23:42:19'),
(1694, '123.456.779-07', 'MARLON', 'MARLON', '', 0, '2000-03-01', '2023-03-08 23:42:19', '2023-03-08 23:42:19'),
(1695, '123.456.779-08', 'ALISON', 'ALISON', '', 0, '2000-03-01', '2023-03-08 23:42:19', '2023-03-08 23:42:19'),
(1696, '123.456.779-09', 'JONATAN', 'JONATAN', '', 0, '2000-03-01', '2023-03-08 23:42:19', '2023-03-08 23:42:19'),
(1697, '123.456.779-10', 'ERIC', 'ERIC', '', 0, '2000-03-01', '2023-03-08 23:42:19', '2023-03-08 23:42:19'),
(1698, '123.456.779-11', 'ELTON', 'AILTON', '', 0, '2000-03-01', '2023-03-08 23:42:19', '2023-03-08 23:42:19'),
(1699, '123.456.779-12', 'VALDECIR', 'VALDECI', '', 0, '2000-03-01', '2023-03-08 23:42:19', '2023-03-08 23:42:19'),
(1700, '123.456.779-13', 'WESLEI', 'WESLEI', NULL, 0, '2000-03-01', '2023-03-08 23:42:19', '2023-03-11 04:24:14'),
(1701, '123.456.779-14', 'NATANAEL', 'NATANAEL', '', 0, '2000-03-01', '2023-03-08 23:42:19', '2023-03-08 23:42:19'),
(1702, '123.456.779-15', 'ERICK', 'ERICK', '', 0, '2000-03-01', '2023-03-08 23:42:19', '2023-03-08 23:42:19'),
(1703, '123.456.779-16', 'AGNALDO', 'AGNALDO', '', 0, '2000-03-01', '2023-03-08 23:42:19', '2023-03-08 23:42:19'),
(1704, '123.456.779-17', 'KAUAN', 'KAUAN', '', 0, '2000-03-01', '2023-03-08 23:42:19', '2023-03-08 23:42:19'),
(1705, '123.456.779-18', 'ODAIR', 'ODAIR', '', 0, '2000-03-01', '2023-03-08 23:42:19', '2023-03-08 23:42:19'),
(1706, '123.456.779-19', 'WALTER', 'WALTER', '', 0, '2000-03-01', '2023-03-08 23:42:19', '2023-03-08 23:42:19'),
(1707, '123.456.779-20', 'ARLINDO', 'ARLINDO', '', 0, '2000-03-01', '2023-03-08 23:42:19', '2023-03-08 23:42:19'),
(1708, '123.456.779-21', 'MICHAEL', 'MICHEL', '', 0, '2000-03-01', '2023-03-08 23:42:19', '2023-03-08 23:42:19'),
(1709, '123.456.779-22', 'ALVARO', 'ALVARO', '', 0, '2000-03-01', '2023-03-08 23:42:19', '2023-03-08 23:42:19'),
(1710, '123.456.779-23', 'GEOVANE', 'GEOVANE', '', 0, '2000-03-01', '2023-03-08 23:42:19', '2023-03-08 23:42:19'),
(1711, '123.456.779-24', 'EVERALDO', 'EVERALDO', '', 0, '2000-03-01', '2023-03-08 23:42:19', '2023-03-08 23:42:19'),
(1712, '123.456.779-25', 'EZEQUIEL', 'EZEQUIEL', '', 0, '2000-03-01', '2023-03-08 23:42:19', '2023-03-08 23:42:19'),
(1713, '123.456.779-26', 'ALMIR', 'ALMIR', '', 0, '2000-03-01', '2023-03-08 23:42:19', '2023-03-08 23:42:19'),
(1714, '123.456.779-27', 'IVO', 'IVO', '', 0, '2000-03-01', '2023-03-08 23:42:19', '2023-03-08 23:42:19'),
(1715, '123.456.779-28', 'ADEMAR', 'ADEMAR', '', 0, '2000-03-01', '2023-03-08 23:42:19', '2023-03-08 23:42:19'),
(1716, '123.456.779-29', 'RAMON', 'RAMON', '', 0, '2000-03-01', '2023-03-08 23:42:19', '2023-03-08 23:42:19'),
(1717, '123.456.779-30', 'VALDECI', 'VALDECI', '', 0, '2000-03-01', '2023-03-08 23:42:19', '2023-03-08 23:42:19'),
(1718, '123.456.779-31', 'FILIPE', 'FELIPE', '', 0, '2000-03-01', '2023-03-08 23:42:19', '2023-03-08 23:42:19'),
(1719, '123.456.779-32', 'WILLIAM', 'WILLIAN', '', 0, '2000-03-01', '2023-03-08 23:42:19', '2023-03-08 23:42:19'),
(1720, '123.456.779-33', 'JONATAS', 'JONATAS', '', 0, '2000-03-01', '2023-03-08 23:42:19', '2023-03-08 23:42:19'),
(1721, '123.456.779-34', 'IVANILDO', 'IVANILDO', '', 0, '2000-03-01', '2023-03-08 23:42:19', '2023-03-08 23:42:19'),
(1722, '123.456.779-35', 'ROMARIO', 'ROMARIO', '', 0, '2000-03-01', '2023-03-08 23:42:19', '2023-03-08 23:42:19'),
(1723, '123.456.779-36', 'JACKSON', 'JACKSON', '', 0, '2000-03-01', '2023-03-08 23:42:19', '2023-03-08 23:42:19'),
(1724, '123.456.779-37', 'GILVAN', 'GILVAN', '', 0, '2000-03-01', '2023-03-08 23:42:19', '2023-03-08 23:42:19'),
(1725, '123.456.779-38', 'KAUA', 'CAUA', '', 0, '2000-03-01', '2023-03-08 23:42:19', '2023-03-08 23:42:19'),
(1726, '123.456.779-39', 'JONATHAN', 'JONATAN', '', 0, '2000-03-01', '2023-03-08 23:42:19', '2023-03-08 23:42:19'),
(1727, '123.456.779-40', 'ALFREDO', 'ALFREDO', '', 0, '2000-03-01', '2023-03-08 23:42:19', '2023-03-08 23:42:19'),
(1728, '123.456.779-41', 'NATAN', 'NATAN', '', 0, '2000-03-01', '2023-03-08 23:42:19', '2023-03-08 23:42:19'),
(1729, '123.456.779-42', 'RAUL', 'RAUL', '', 0, '2000-03-01', '2023-03-08 23:42:19', '2023-03-08 23:42:19'),
(1730, '123.456.779-43', 'BERNARDO', 'BERNARDO', '', 0, '2000-03-01', '2023-03-08 23:42:19', '2023-03-08 23:42:19'),
(1731, '123.456.779-44', 'JOSIAS', 'JOSIAS', '', 0, '2000-03-01', '2023-03-08 23:42:19', '2023-03-08 23:42:19'),
(1732, '123.456.779-45', 'RODOLFO', 'RODOLFO', '', 0, '2000-03-01', '2023-03-08 23:42:19', '2023-03-08 23:42:19'),
(1733, '123.456.779-46', 'GEAN', 'JEAN', '', 0, '2000-03-01', '2023-03-08 23:42:19', '2023-03-08 23:42:19'),
(1734, '123.456.779-47', 'LAZARO', 'LAZARO', '', 0, '2000-03-01', '2023-03-08 23:42:19', '2023-03-08 23:42:19'),
(1735, '123.456.779-48', 'LUCIO', 'LUCIO', '', 0, '2000-03-01', '2023-03-08 23:42:19', '2023-03-08 23:42:19'),
(1736, '123.456.779-49', 'JOSIMAR', 'JOSIMAR', '', 0, '2000-03-01', '2023-03-08 23:42:19', '2023-03-08 23:42:19'),
(1737, '123.456.779-50', 'VILMAR', 'VILMA', '', 0, '2000-03-01', '2023-03-08 23:42:19', '2023-03-08 23:42:19'),
(1738, '123.456.779-51', 'JEFFERSON', 'JEFERSON', '', 0, '2000-03-01', '2023-03-08 23:42:19', '2023-03-08 23:42:19'),
(1739, '123.456.779-52', 'ALCIDES', 'ALCIDES', '', 0, '2000-03-01', '2023-03-08 23:42:19', '2023-03-08 23:42:19'),
(1740, '123.456.779-53', 'VALDOMIRO', 'VALDOMIRO', '', 0, '2000-03-01', '2023-03-08 23:42:19', '2023-03-08 23:42:19'),
(1741, '123.456.779-54', 'ARMANDO', 'ARMANDO', '', 0, '2000-03-01', '2023-03-08 23:42:19', '2023-03-08 23:42:19'),
(1742, '123.456.779-55', 'ROMULO', 'ROMULO', '', 0, '2000-03-01', '2023-03-08 23:42:19', '2023-03-08 23:42:19'),
(1743, '123.456.779-56', 'CASSIO', 'CASSIO', '', 0, '2000-03-01', '2023-03-08 23:42:19', '2023-03-08 23:42:19'),
(1744, '123.456.779-57', 'EDNALDO', 'EDNALDO', '', 0, '2000-03-01', '2023-03-08 23:42:19', '2023-03-08 23:42:19'),
(1745, '123.456.779-58', 'WELITON', 'WELITON', '', 0, '2000-03-01', '2023-03-08 23:42:19', '2023-03-08 23:42:19'),
(1746, '123.456.779-59', 'AIRTON', 'AIRTON', '', 0, '2000-03-01', '2023-03-08 23:42:19', '2023-03-08 23:42:19'),
(1747, '123.456.779-60', 'CLAUDEMIR', 'CLAUDEMIR', '', 0, '2000-03-01', '2023-03-08 23:42:19', '2023-03-08 23:42:19'),
(1748, '123.456.779-61', 'WELINGTON', 'WELINGTON', '', 0, '2000-03-01', '2023-03-08 23:42:19', '2023-03-08 23:42:19'),
(1749, '123.456.779-62', 'CAIQUE', 'CAIQUE', '', 0, '2000-03-01', '2023-03-08 23:42:19', '2023-03-08 23:42:19'),
(1750, '123.456.779-63', 'RICHARD', 'RICHARD', '', 0, '2000-03-01', '2023-03-08 23:42:19', '2023-03-08 23:42:19'),
(1751, '123.456.779-64', 'LAERCIO', 'LAERCIO', '', 0, '2000-03-01', '2023-03-08 23:42:19', '2023-03-08 23:42:19'),
(1752, '123.456.779-65', 'PATRICK', 'PATRICK', '', 0, '2000-03-01', '2023-03-08 23:42:19', '2023-03-08 23:42:19'),
(1753, '123.456.779-66', 'AFONSO', 'AFONSO', '', 0, '2000-03-01', '2023-03-08 23:42:19', '2023-03-08 23:42:19'),
(1754, '123.456.779-67', 'CLOVIS', 'CLOVIS', '', 0, '2000-03-01', '2023-03-08 23:42:19', '2023-03-08 23:42:19'),
(1755, '123.456.779-68', 'ADALBERTO', 'ADALBERTO', '', 0, '2000-03-01', '2023-03-08 23:42:19', '2023-03-08 23:42:19'),
(1756, '123.456.779-69', 'EDMAR', 'EDMAR', '', 0, '2000-03-01', '2023-03-08 23:42:19', '2023-03-08 23:42:19'),
(1757, '123.456.779-70', 'ENZO', 'ENZO', '', 0, '2000-03-01', '2023-03-08 23:42:19', '2023-03-08 23:42:19'),
(1758, '123.456.779-71', 'JURANDIR', 'JURANDIR', '', 0, '2000-03-01', '2023-03-08 23:42:19', '2023-03-08 23:42:19'),
(1759, '123.456.779-72', 'EDGAR', 'EDGAR', '', 0, '2000-03-01', '2023-03-08 23:42:19', '2023-03-08 23:42:19'),
(1760, '123.456.779-73', 'EDIMILSON', 'EDIMILSON', '', 0, '2000-03-01', '2023-03-08 23:42:19', '2023-03-08 23:42:19'),
(1761, '123.456.779-74', 'HUMBERTO', 'HUMBERTO', '', 0, '2000-03-01', '2023-03-08 23:42:19', '2023-03-08 23:42:19'),
(1762, '123.456.779-75', 'SAULO', 'SAULO', '', 0, '2000-03-01', '2023-03-08 23:42:19', '2023-03-08 23:42:19'),
(1763, '123.456.779-76', 'ALEXSANDRO', 'ALEXSANDRO', '', 0, '2000-03-01', '2023-03-08 23:42:19', '2023-03-08 23:42:19'),
(1764, '123.456.779-77', 'CAUAN', 'KAUAN', '', 0, '2000-03-01', '2023-03-08 23:42:19', '2023-03-08 23:42:19'),
(1765, '123.456.779-78', 'JUAN', 'JUAN', '', 0, '2000-03-01', '2023-03-08 23:42:19', '2023-03-08 23:42:19'),
(1766, '123.456.779-79', 'EDINALDO', 'EDINALDO', '', 0, '2000-03-01', '2023-03-08 23:42:19', '2023-03-08 23:42:19'),
(1767, '123.456.779-80', 'SIDNEY', 'SIDNEI', '', 0, '2000-03-01', '2023-03-08 23:42:19', '2023-03-08 23:42:19'),
(1768, '123.456.779-81', 'EVALDO', 'EVALDO', '', 0, '2000-03-01', '2023-03-08 23:42:19', '2023-03-08 23:42:19'),
(1769, '123.456.779-82', 'JONATA', 'JONATA', '', 0, '2000-03-01', '2023-03-08 23:42:19', '2023-03-08 23:42:19'),
(1770, '123.456.779-83', 'ADAILTON', 'ADAILTON', '', 0, '2000-03-01', '2023-03-08 23:42:19', '2023-03-08 23:42:19'),
(1771, '123.456.779-84', 'KAIQUE', 'CAIQUE', '', 0, '2000-03-01', '2023-03-08 23:42:19', '2023-03-08 23:42:19'),
(1772, '123.456.779-85', 'ARI', 'ARI', '', 0, '2000-03-01', '2023-03-08 23:42:19', '2023-03-08 23:42:19'),
(1773, '123.456.779-86', 'VILSON', 'VILSON', '', 0, '2000-03-01', '2023-03-08 23:42:19', '2023-03-08 23:42:19'),
(1774, '123.456.779-87', 'ITAMAR', 'ITAMAR', '', 0, '2000-03-01', '2023-03-08 23:42:19', '2023-03-08 23:42:19'),
(1775, '123.456.779-88', 'DIVINO', 'DIVINO', '', 0, '2000-03-01', '2023-03-08 23:42:19', '2023-03-08 23:42:19'),
(1776, '123.456.779-89', 'JUAREZ', 'JUAREZ', '', 0, '2000-03-01', '2023-03-08 23:42:19', '2023-03-08 23:42:19'),
(1777, '123.456.779-90', 'GENIVALDO', 'GENIVALDO', '', 0, '2000-03-01', '2023-03-08 23:42:19', '2023-03-08 23:42:19'),
(1778, '123.456.779-91', 'DIRCEU', 'DIRCEU', '', 0, '2000-03-01', '2023-03-08 23:42:19', '2023-03-08 23:42:19'),
(1779, '123.456.779-92', 'DARCI', 'DARCI', '', 0, '2000-03-01', '2023-03-08 23:42:19', '2023-03-08 23:42:19'),
(1780, '123.456.779-93', 'COSME', 'COSME', '', 0, '2000-03-01', '2023-03-08 23:42:19', '2023-03-08 23:42:19'),
(1781, '123.456.779-94', 'AMILTON', 'AMILTON', '', 0, '2000-03-01', '2023-03-08 23:42:19', '2023-03-08 23:42:19'),
(1782, '123.456.779-95', 'ERIK', 'ERIC', '', 0, '2000-03-01', '2023-03-08 23:42:19', '2023-03-08 23:42:19'),
(1783, '123.456.779-96', 'ROGER', 'ROGER', '', 0, '2000-03-01', '2023-03-08 23:42:19', '2023-03-08 23:42:19'),
(1784, '123.456.779-97', 'LAURO', 'LAURO', '', 0, '2000-03-01', '2023-03-08 23:42:19', '2023-03-08 23:42:19'),
(1785, '123.456.779-98', 'ROQUE', 'ROQUE', '', 0, '2000-03-01', '2023-03-08 23:42:19', '2023-03-08 23:42:19'),
(1786, '123.456.779-99', 'VALDINEI', 'VALDINEI', '', 0, '2000-03-01', '2023-03-08 23:42:19', '2023-03-08 23:42:19'),
(1787, '123.456.769-01', 'ANDREI', 'ANDREI', '', 0, '2000-03-01', '2023-03-08 23:42:19', '2023-03-08 23:42:19'),
(1788, '123.456.769-02', 'LINDOMAR', 'LINDOMAR', '', 0, '2000-03-01', '2023-03-08 23:42:19', '2023-03-08 23:42:19'),
(1789, '123.456.769-03', 'JHONATAN', 'JONATAN', '', 0, '2000-03-01', '2023-03-08 23:42:19', '2023-03-08 23:42:19'),
(1790, '123.456.769-04', 'LORIVAL', 'LORIVAL', '', 0, '2000-03-01', '2023-03-08 23:42:19', '2023-03-08 23:42:19'),
(1791, '123.456.769-05', 'MAGNO', 'MAGNO', '', 0, '2000-03-01', '2023-03-08 23:42:19', '2023-03-08 23:42:19'),
(1792, '123.456.769-06', 'DEIVID', 'DEIVID', '', 0, '2000-03-01', '2023-03-08 23:42:19', '2023-03-08 23:42:19'),
(1793, '123.456.769-07', 'ERIVALDO', 'ERIVALDO', '', 0, '2000-03-01', '2023-03-08 23:42:19', '2023-03-08 23:42:19'),
(1794, '123.456.769-08', 'ROBERT', 'ROBERT', '', 0, '2000-03-01', '2023-03-08 23:42:19', '2023-03-08 23:42:19'),
(1795, '123.456.769-09', 'MARCUS', 'MARCUS', '', 0, '2000-03-01', '2023-03-08 23:42:19', '2023-03-08 23:42:19'),
(1796, '123.456.769-10', 'RUI', 'RUI', '', 0, '2000-03-01', '2023-03-08 23:42:19', '2023-03-08 23:42:19'),
(1797, '123.456.769-11', 'WENDEL', 'WENDEL', '', 0, '2000-03-01', '2023-03-08 23:42:19', '2023-03-08 23:42:19'),
(1798, '123.456.769-12', 'JOELSON', 'GILSON', '', 0, '2000-03-01', '2023-03-08 23:42:19', '2023-03-08 23:42:19'),
(1799, '123.456.769-13', 'ELIO', 'HELIO', '', 0, '2000-03-01', '2023-03-08 23:42:19', '2023-03-08 23:42:19'),
(1800, '123.456.769-14', 'OSCAR', 'OSCAR', '', 0, '2000-03-01', '2023-03-08 23:42:19', '2023-03-08 23:42:19'),
(1801, '123.456.769-15', 'INACIO', 'INACIO', '', 0, '2000-03-01', '2023-03-08 23:42:19', '2023-03-08 23:42:19'),
(1802, '123.456.769-16', 'DONIZETE', 'DONIZETE', '', 0, '2000-03-01', '2023-03-08 23:42:19', '2023-03-08 23:42:19'),
(1803, '123.456.769-17', 'JAILTON', 'JAILTON', '', 0, '2000-03-01', '2023-03-08 23:42:19', '2023-03-08 23:42:19'),
(1804, '123.456.769-18', 'ISAC', 'ISAC', '', 0, '2000-03-01', '2023-03-08 23:42:19', '2023-03-08 23:42:19'),
(1805, '123.456.769-19', 'FREDERICO', 'FREDERICO', '', 0, '2000-03-01', '2023-03-08 23:42:19', '2023-03-08 23:42:19'),
(1806, '123.456.769-20', 'HEITOR', 'HEITOR', '', 0, '2000-03-01', '2023-03-08 23:42:19', '2023-03-08 23:42:19'),
(1807, '123.456.769-21', 'GEORGE', 'GEORGE', '', 0, '2000-03-01', '2023-03-08 23:42:19', '2023-03-08 23:42:19'),
(1808, '123.456.769-22', 'AMAURI', 'AMAURI', '', 0, '2000-03-01', '2023-03-08 23:42:19', '2023-03-08 23:42:19'),
(1809, '123.456.769-23', 'ROMILDO', 'ROMILDO', '', 0, '2000-03-01', '2023-03-08 23:42:19', '2023-03-08 23:42:19'),
(1810, '123.456.769-24', 'IAN', 'IAN', '', 0, '2000-03-01', '2023-03-08 23:42:19', '2023-03-08 23:42:19'),
(1811, '123.456.769-25', 'JOSIEL', 'JOSIEL', '', 0, '2000-03-01', '2023-03-08 23:42:19', '2023-03-08 23:42:19'),
(1812, '123.456.769-26', 'GEOVANI', 'GEOVANI', '', 0, '2000-03-01', '2023-03-08 23:42:19', '2023-03-08 23:42:19'),
(1813, '123.456.769-27', 'KLEBER', 'CLEBER', '', 0, '2000-03-01', '2023-03-08 23:42:19', '2023-03-08 23:42:19'),
(1814, '123.456.769-28', 'ALDO', 'ALDO', '', 0, '2000-03-01', '2023-03-08 23:42:19', '2023-03-08 23:42:19'),
(1815, '123.456.769-29', 'KAIO', 'CAIO', '', 0, '2000-03-01', '2023-03-08 23:42:19', '2023-03-08 23:42:19'),
(1816, '123.456.769-30', 'LEVI', 'LEVI', '', 0, '2000-03-01', '2023-03-08 23:42:19', '2023-03-08 23:42:19'),
(1817, '123.456.769-31', 'ISAQUE', 'ISAQUE', '', 0, '2000-03-01', '2023-03-08 23:42:19', '2023-03-08 23:42:19'),
(1818, '123.456.769-32', 'AMARILDO', 'AMARILDO', '', 0, '2000-03-01', '2023-03-08 23:42:19', '2023-03-08 23:42:19'),
(1819, '123.456.769-33', 'EDISON', 'EDISON', '', 0, '2000-03-01', '2023-03-08 23:42:19', '2023-03-08 23:42:19'),
(1820, '123.456.769-34', 'KEVIN', 'KEVIN', '', 0, '2000-03-01', '2023-03-08 23:42:19', '2023-03-08 23:42:19'),
(1821, '123.456.769-35', 'ADENILSON', 'ADENILSON', '', 0, '2000-03-01', '2023-03-08 23:42:19', '2023-03-08 23:42:19'),
(1822, '123.456.769-36', 'SILAS', 'SILAS', '', 0, '2000-03-01', '2023-03-08 23:42:19', '2023-03-08 23:42:19'),
(1823, '123.456.769-37', 'ALTAIR', 'ALTAIR', '', 0, '2000-03-01', '2023-03-08 23:42:19', '2023-03-08 23:42:19'),
(1824, '123.456.769-38', 'MAX', 'MAX', '', 0, '2000-03-01', '2023-03-08 23:42:19', '2023-03-08 23:42:19'),
(1825, '123.456.769-39', 'RYAN', 'RIAN', '', 0, '2000-03-01', '2023-03-08 23:42:19', '2023-03-08 23:42:19'),
(1826, '123.456.769-40', 'WASHINGTON', 'WASHINGTON', '', 0, '2000-03-01', '2023-03-08 23:42:19', '2023-03-08 23:42:19'),
(1827, '123.456.769-41', 'TALES', 'TALES', '', 0, '2000-03-01', '2023-03-08 23:42:19', '2023-03-08 23:42:19'),
(1828, '123.456.769-42', 'JESUS', 'JESUS', '', 0, '2000-03-01', '2023-03-08 23:42:19', '2023-03-08 23:42:19'),
(1829, '123.456.769-43', 'JOSENILDO', 'JOSENILDO', '', 0, '2000-03-01', '2023-03-08 23:42:19', '2023-03-08 23:42:19'),
(1830, '123.456.769-44', 'SALVADOR', 'SALVADOR', '', 0, '2000-03-01', '2023-03-08 23:42:19', '2023-03-08 23:42:19'),
(1831, '123.456.769-45', 'AMARO', 'AMARO', '', 0, '2000-03-01', '2023-03-08 23:42:19', '2023-03-08 23:42:19'),
(1832, '123.456.769-46', 'ELSON', 'ELSON', '', 0, '2000-03-01', '2023-03-08 23:42:19', '2023-03-08 23:42:19'),
(1833, '123.456.769-47', 'EDIMAR', 'EDIMAR', '', 0, '2000-03-01', '2023-03-08 23:42:19', '2023-03-08 23:42:19'),
(1834, '123.456.769-48', 'MESSIAS', 'MESSIAS', '', 0, '2000-03-01', '2023-03-08 23:42:19', '2023-03-08 23:42:19'),
(1835, '123.456.769-49', 'ELISEU', 'ELISEU', '', 0, '2000-03-01', '2023-03-08 23:42:19', '2023-03-08 23:42:19'),
(1836, '123.456.769-50', 'EDERSON', 'EDERSON', '', 0, '2000-03-01', '2023-03-08 23:42:19', '2023-03-08 23:42:19'),
(1837, '123.456.769-51', 'GENILSON', 'GENILSON', '', 0, '2000-03-01', '2023-03-08 23:42:19', '2023-03-08 23:42:19'),
(1838, '123.456.769-52', 'TARCISIO', 'TARCISIO', '', 0, '2000-03-01', '2023-03-08 23:42:19', '2023-03-08 23:42:19'),
(1839, '123.456.769-53', 'RAPHAEL', 'RAFAEL', '', 0, '2000-03-01', '2023-03-08 23:42:19', '2023-03-08 23:42:19'),
(1840, '123.456.769-54', 'IRINEU', 'IRINEU', '', 0, '2000-03-01', '2023-03-08 23:42:19', '2023-03-08 23:42:19'),
(1841, '123.456.769-55', 'ELIZEU', 'ELISEU', '', 0, '2000-03-01', '2023-03-08 23:42:19', '2023-03-08 23:42:19'),
(1842, '123.456.769-56', 'MAYCON', 'MAICON', '', 0, '2000-03-01', '2023-03-08 23:42:19', '2023-03-08 23:42:19'),
(1843, '123.456.769-57', 'VANDERSON', 'VANDERSON', '', 0, '2000-03-01', '2023-03-08 23:42:19', '2023-03-08 23:42:19'),
(1844, '123.456.769-58', 'WELINTON', 'WELINTON', '', 0, '2000-03-01', '2023-03-08 23:42:19', '2023-03-08 23:42:19'),
(1845, '123.456.769-59', 'ICARO', 'ICARO', '', 0, '2000-03-01', '2023-03-08 23:42:19', '2023-03-08 23:42:19'),
(1846, '123.456.769-60', 'VALDIVINO', 'VALDIVINO', '', 0, '2000-03-01', '2023-03-08 23:42:19', '2023-03-08 23:42:19'),
(1847, '123.456.769-61', 'ERALDO', 'ERALDO', '', 0, '2000-03-01', '2023-03-08 23:42:19', '2023-03-08 23:42:19'),
(1848, '123.456.769-62', 'SILVANO', 'SILVANO', '', 0, '2000-03-01', '2023-03-08 23:42:19', '2023-03-08 23:42:19'),
(1849, '123.456.769-63', 'WALLACE', 'WALLACE', '', 0, '2000-03-01', '2023-03-08 23:42:19', '2023-03-08 23:42:19'),
(1850, '123.456.769-64', 'DJALMA', 'DJALMA', '', 0, '2000-03-01', '2023-03-08 23:42:19', '2023-03-08 23:42:19'),
(1851, '123.456.769-65', 'LOURIVAL', 'LOURIVAL', '', 0, '2000-03-01', '2023-03-08 23:42:19', '2023-03-08 23:42:19'),
(1852, '123.456.769-66', 'GIOVANI', 'GIOVANI', '', 0, '2000-03-01', '2023-03-08 23:42:19', '2023-03-08 23:42:19'),
(1853, '123.456.769-67', 'DARIO', 'DARIO', '', 0, '2000-03-01', '2023-03-08 23:42:19', '2023-03-08 23:42:19'),
(1854, '123.456.769-68', 'MICAEL', 'MICAEL', '', 0, '2000-03-01', '2023-03-08 23:42:19', '2023-03-08 23:42:19'),
(1855, '123.456.769-69', 'ALLAN', 'ALLAN', '', 0, '2000-03-01', '2023-03-08 23:42:19', '2023-03-08 23:42:19'),
(1856, '123.456.769-70', 'JACSON', 'JACSON', '', 0, '2000-03-01', '2023-03-08 23:42:19', '2023-03-08 23:42:19'),
(1857, '123.456.769-71', 'ADELSON', 'ADILSON', '', 0, '2000-03-01', '2023-03-08 23:42:19', '2023-03-08 23:42:19'),
(1858, '123.456.769-72', 'VALDEIR', 'VALDIR', '', 0, '2000-03-01', '2023-03-08 23:42:19', '2023-03-08 23:42:19'),
(1859, '123.456.769-73', 'FAGNER', 'FAGNER', '', 0, '2000-03-01', '2023-03-08 23:42:19', '2023-03-08 23:42:19'),
(1860, '123.456.769-74', 'DORIVAL', 'DORIVAL', '', 0, '2000-03-01', '2023-03-08 23:42:19', '2023-03-08 23:42:19'),
(1861, '123.456.769-75', 'JUVENAL', 'JUVENAL', '', 0, '2000-03-01', '2023-03-08 23:42:19', '2023-03-08 23:42:19'),
(1862, '123.456.769-76', 'EDVAN', 'EDVAN', '', 0, '2000-03-01', '2023-03-08 23:42:19', '2023-03-08 23:42:19'),
(1863, '123.456.769-77', 'GENIVAL', 'GENIVAL', '', 0, '2000-03-01', '2023-03-08 23:42:19', '2023-03-08 23:42:19'),
(1864, '123.456.769-78', 'JOSEMAR', 'JOSEMAR', '', 0, '2000-03-01', '2023-03-08 23:42:19', '2023-03-08 23:42:19'),
(1865, '123.456.769-79', 'KAUE', 'KAUE', '', 0, '2000-03-01', '2023-03-08 23:42:19', '2023-03-08 23:42:19'),
(1866, '123.456.769-80', 'IURI', 'YURI', '', 0, '2000-03-01', '2023-03-08 23:42:19', '2023-03-08 23:42:19'),
(1867, '123.456.769-81', 'ADAIR', 'ADAIR', '', 0, '2000-03-01', '2023-03-08 23:42:19', '2023-03-08 23:42:19'),
(1868, '123.456.769-82', 'EVERSON', 'EVERSON', '', 0, '2000-03-01', '2023-03-08 23:42:19', '2023-03-08 23:42:19'),
(1869, '123.456.769-83', 'YAGO', 'IAGO', '', 0, '2000-03-01', '2023-03-08 23:42:19', '2023-03-08 23:42:19'),
(1870, '123.456.769-84', 'ADRIAN', 'ADRIAN', '', 0, '2000-03-01', '2023-03-08 23:42:19', '2023-03-08 23:42:19'),
(1871, '123.456.769-85', 'GELSON', 'GILSON', '', 0, '2000-03-01', '2023-03-08 23:42:19', '2023-03-08 23:42:19'),
(1872, '123.456.769-86', 'AGENOR', 'AGENOR', '', 0, '2000-03-01', '2023-03-08 23:42:19', '2023-03-08 23:42:19'),
(1873, '123.456.769-87', 'EUGENIO', 'EUGENIO', '', 0, '2000-03-01', '2023-03-08 23:42:19', '2023-03-08 23:42:19'),
(1874, '123.456.769-88', 'WALACE', 'WALACE', '', 0, '2000-03-01', '2023-03-08 23:42:19', '2023-03-08 23:42:19'),
(1875, '123.456.769-89', 'JARDEL', 'JARDEL', '', 0, '2000-03-01', '2023-03-08 23:42:19', '2023-03-08 23:42:19'),
(1876, '123.456.769-90', 'JADSON', 'JADSON', '', 0, '2000-03-01', '2023-03-08 23:42:19', '2023-03-08 23:42:19'),
(1877, '123.456.769-91', 'EMANOEL', 'EMANUEL', '', 0, '2000-03-01', '2023-03-08 23:42:19', '2023-03-08 23:42:19'),
(1878, '123.456.769-92', 'KELVIN', 'KELVIN', '', 0, '2000-03-01', '2023-03-08 23:42:19', '2023-03-08 23:42:19'),
(1879, '123.456.769-93', 'WILIAM', 'WILIAN', '', 0, '2000-03-01', '2023-03-08 23:42:19', '2023-03-08 23:42:19'),
(1880, '123.456.769-94', 'ELIEL', 'ELIEL', '', 0, '2000-03-01', '2023-03-08 23:42:19', '2023-03-08 23:42:19'),
(1881, '123.456.769-95', 'ADRIEL', 'ADRIEL', '', 0, '2000-03-01', '2023-03-08 23:42:19', '2023-03-08 23:42:19'),
(1882, '123.456.769-96', 'ARIEL', 'ARIEL', '', 0, '2000-03-01', '2023-03-08 23:42:19', '2023-03-08 23:42:19'),
(1883, '123.456.769-97', 'RONALD', 'RONALD', '', 0, '2000-03-01', '2023-03-08 23:42:19', '2023-03-08 23:42:19'),
(1884, '123.456.759-01', 'RONI', 'RONI', '', 0, '2000-03-01', '2023-03-08 23:42:19', '2023-03-08 23:42:19'),
(1885, '123.456.759-02', 'GETULIO', 'GETULIO', '', 0, '2000-03-01', '2023-03-08 23:42:19', '2023-03-08 23:42:19'),
(1886, '123.456.759-03', 'ISAAC', 'ISAC', '', 0, '2000-03-01', '2023-03-08 23:42:19', '2023-03-08 23:42:19'),
(1887, '123.456.759-04', 'JOSIVALDO', 'JOSIVALDO', '', 0, '2000-03-01', '2023-03-08 23:42:19', '2023-03-08 23:42:19'),
(1888, '123.456.759-05', 'ABEL', 'ABEL', NULL, 0, '2023-03-01', '2023-03-08 23:42:19', '2023-03-11 04:05:17'),
(1889, '123.456.759-06', 'MARCELINO', 'MARCELINO', '', 0, '2000-03-01', '2023-03-08 23:42:19', '2023-03-08 23:42:19'),
(1890, '123.456.759-07', 'CAUE', 'KAUE', '', 0, '2000-03-01', '2023-03-08 23:42:19', '2023-03-08 23:42:19'),
(1891, '123.456.759-08', 'EUCLIDES', 'EUCLIDES', '', 0, '2000-03-01', '2023-03-08 23:42:19', '2023-03-08 23:42:19'),
(1892, '123.456.759-09', 'ELI', 'ELI', '', 0, '2000-03-01', '2023-03-08 23:42:19', '2023-03-08 23:42:19'),
(1893, '123.456.759-10', 'GIOVANE', 'GIOVANE', '', 0, '2000-03-01', '2023-03-08 23:42:19', '2023-03-08 23:42:19'),
(1894, '123.456.759-11', 'YAN', 'IAN', '', 0, '2000-03-01', '2023-03-08 23:42:19', '2023-03-08 23:42:19'),
(1895, '123.456.759-12', 'AGUINALDO', 'AGUINALDO', '', 0, '2000-03-01', '2023-03-08 23:42:19', '2023-03-08 23:42:19'),
(1896, '123.456.759-13', 'WEVERTON', 'WEVERTON', '', 0, '2000-03-01', '2023-03-08 23:42:19', '2023-03-08 23:42:19'),
(1897, '123.456.759-14', 'MACIEL', 'MACIEL', '', 0, '2000-03-01', '2023-03-08 23:42:19', '2023-03-08 23:42:19'),
(1898, '123.456.759-15', 'DARLAN', 'DARLAN', '', 0, '2000-03-01', '2023-03-08 23:42:19', '2023-03-08 23:42:19'),
(1899, '123.456.759-16', 'EXPEDITO', 'EXPEDITO', '', 0, '2000-03-01', '2023-03-08 23:42:19', '2023-03-08 23:42:19'),
(1900, '123.456.759-17', 'CLODOALDO', 'CLODOALDO', '', 0, '2000-03-01', '2023-03-08 23:42:19', '2023-03-08 23:42:19'),
(1901, '123.456.759-18', 'ENIO', 'ENIO', '', 0, '2000-03-01', '2023-03-08 23:42:19', '2023-03-08 23:42:19'),
(1902, '123.456.759-19', 'ALOISIO', 'ALOISIO', '', 0, '2000-03-01', '2023-03-08 23:42:19', '2023-03-08 23:42:19'),
(1903, '123.456.759-20', 'ELVIS', 'ELVIS', '', 0, '2000-03-01', '2023-03-08 23:42:19', '2023-03-08 23:42:19'),
(1904, '123.456.759-21', 'EDIVAN', 'EDIVAN', '', 0, '2000-03-01', '2023-03-08 23:42:19', '2023-03-08 23:42:19'),
(1905, '123.456.759-22', 'TULIO', 'TULIO', '', 0, '2000-03-01', '2023-03-08 23:42:19', '2023-03-08 23:42:19'),
(1906, '123.456.759-23', 'ADELINO', 'ADELINO', '', 0, '2000-03-01', '2023-03-08 23:42:19', '2023-03-08 23:42:19'),
(1907, '123.456.759-24', 'TADEU', 'TADEU', '', 0, '2000-03-01', '2023-03-08 23:42:19', '2023-03-08 23:42:19'),
(1908, '123.456.759-25', 'CLAUDIONOR', 'CLAUDIONOR', '', 0, '2000-03-01', '2023-03-08 23:42:19', '2023-03-08 23:42:19'),
(1909, '123.456.759-26', 'SAVIO', 'SAVIO', '', 0, '2000-03-01', '2023-03-08 23:42:19', '2023-03-08 23:42:19'),
(1910, '123.456.759-27', 'JHONATA', 'JONATA', '', 0, '2000-03-01', '2023-03-08 23:42:19', '2023-03-08 23:42:19'),
(1911, '123.456.759-28', 'JUCELINO', 'JUCELINO', '', 0, '2000-03-01', '2023-03-08 23:42:19', '2023-03-08 23:42:19'),
(1912, '123.456.759-29', 'WILTON', 'WILTON', '', 0, '2000-03-01', '2023-03-08 23:42:19', '2023-03-08 23:42:19'),
(1913, '123.456.759-30', 'RIVALDO', 'RIVALDO', '', 0, '2000-03-01', '2023-03-08 23:42:19', '2023-03-08 23:42:19'),
(1914, '123.456.759-31', 'GIVALDO', 'GIVALDO', '', 0, '2000-03-01', '2023-03-08 23:42:19', '2023-03-08 23:42:19'),
(1915, '123.456.759-32', 'MARIVALDO', 'MARIVALDO', '', 0, '2000-03-01', '2023-03-08 23:42:19', '2023-03-08 23:42:19'),
(1916, '123.456.759-33', 'HUDSON', 'HUDSON', '', 0, '2000-03-01', '2023-03-08 23:42:19', '2023-03-08 23:42:19'),
(1917, '123.456.759-34', 'GUILERME', 'GUILHERME', '', 0, '2000-03-01', '2023-03-08 23:42:19', '2023-03-08 23:42:19'),
(1918, '123.456.759-35', 'OSWALDO', 'OSWALDO', '', 0, '2000-03-01', '2023-03-08 23:42:19', '2023-03-08 23:42:19'),
(1919, '123.456.759-36', 'MARCIEL', 'MARCIEL', '', 0, '2000-03-01', '2023-03-08 23:42:19', '2023-03-08 23:42:19'),
(1920, '123.456.759-37', 'AROLDO', 'AROLDO', '', 0, '2000-03-01', '2023-03-08 23:42:19', '2023-03-08 23:42:19'),
(1921, '123.456.759-38', 'ELDER', 'ELDER', '', 0, '2000-03-01', '2023-03-08 23:42:19', '2023-03-08 23:42:19'),
(1922, '123.456.759-39', 'MAURILIO', 'MAURILIO', '', 0, '2000-03-01', '2023-03-08 23:42:19', '2023-03-08 23:42:19'),
(1923, '123.456.759-40', 'HIGOR', 'IGOR', '', 0, '2000-03-01', '2023-03-08 23:42:19', '2023-03-08 23:42:19'),
(1924, '123.456.759-41', 'MARCILIO', 'MARCILIO', '', 0, '2000-03-01', '2023-03-08 23:42:19', '2023-03-08 23:42:19'),
(1925, '123.456.759-42', 'PIETRO', 'PIETRO', '', 0, '2000-03-01', '2023-03-08 23:42:19', '2023-03-08 23:42:19'),
(1926, '123.456.759-43', 'ADALTO', 'ADALTO', '', 0, '2000-03-01', '2023-03-08 23:42:19', '2023-03-08 23:42:19'),
(1927, '123.456.759-44', 'ERNESTO', 'ERNESTO', '', 0, '2000-03-01', '2023-03-08 23:42:19', '2023-03-08 23:42:19'),
(1928, '123.456.759-45', 'MARCIANO', 'MARCIANO', '', 0, '2000-03-01', '2023-03-08 23:42:19', '2023-03-08 23:42:19'),
(1929, '123.456.759-46', 'OTACILIO', 'OTACILIO', '', 0, '2000-03-01', '2023-03-08 23:42:19', '2023-03-08 23:42:19'),
(1930, '123.456.759-47', 'CASSIANO', 'CASSIANO', '', 0, '2000-03-01', '2023-03-08 23:42:19', '2023-03-08 23:42:19'),
(1931, '123.456.759-48', 'GLEISON', 'GLEISON', '', 0, '2000-03-01', '2023-03-08 23:42:19', '2023-03-08 23:42:19'),
(1932, '123.456.759-49', 'ANTENOR', 'ANTENOR', '', 0, '2000-03-01', '2023-03-08 23:42:19', '2023-03-08 23:42:19'),
(1933, '123.456.759-50', 'JANIO', 'JANIO', '', 0, '2000-03-01', '2023-03-08 23:42:19', '2023-03-08 23:42:19'),
(1934, '123.456.759-51', 'ADEMILSON', 'ADEMILSON', '', 0, '2000-03-01', '2023-03-08 23:42:19', '2023-03-08 23:42:19'),
(1935, '123.456.759-52', 'RENE', 'RENE', '', 0, '2000-03-01', '2023-03-08 23:42:19', '2023-03-08 23:42:19'),
(1936, '123.456.759-53', 'ELCIO', 'ELCIO', '', 0, '2000-03-01', '2023-03-08 23:42:19', '2023-03-08 23:42:19'),
(1937, '123.456.759-54', 'EMILIO', 'EMILIO', '', 0, '2000-03-01', '2023-03-08 23:42:19', '2023-03-08 23:42:19'),
(1938, '123.456.759-55', 'SIDINEI', 'SIDINEI', '', 0, '2000-03-01', '2023-03-08 23:42:19', '2023-03-08 23:42:19'),
(1939, '123.456.759-56', 'GIVANILDO', 'GIVANILDO', '', 0, '2000-03-01', '2023-03-08 23:42:19', '2023-03-08 23:42:19'),
(1940, '123.456.759-57', 'JESSE', 'JESSE', '', 0, '2000-03-01', '2023-03-08 23:42:19', '2023-03-08 23:42:19'),
(1941, '123.456.759-58', 'CEZAR', 'CESAR', '', 0, '2000-03-01', '2023-03-08 23:42:19', '2023-03-08 23:42:19'),
(1942, '123.456.759-59', 'RAI', 'RAI', '', 0, '2000-03-01', '2023-03-08 23:42:19', '2023-03-08 23:42:19'),
(1943, '123.456.759-60', 'ABRAAO', 'ABRAAO', '', 0, '2000-03-01', '2023-03-08 23:42:19', '2023-03-08 23:42:19'),
(1944, '123.456.759-61', 'EDMUNDO', 'EDMUNDO', '', 0, '2000-03-01', '2023-03-08 23:42:19', '2023-03-08 23:42:19'),
(1945, '123.456.759-62', 'JOILSON', 'GILSON', '', 0, '2000-03-01', '2023-03-08 23:42:19', '2023-03-08 23:42:19'),
(1946, '123.456.759-63', 'FRANCINALDO', 'FRANCINALDO', '', 0, '2000-03-01', '2023-03-08 23:42:19', '2023-03-08 23:42:19'),
(1947, '123.456.759-64', 'JANDERSON', 'JANDERSON', '', 0, '2000-03-01', '2023-03-08 23:42:19', '2023-03-08 23:42:19'),
(1948, '123.456.759-65', 'JOSELITO', 'JOSELITO', '', 0, '2000-03-01', '2023-03-08 23:42:19', '2023-03-08 23:42:19'),
(1949, '123.456.759-66', 'ALDAIR', 'ALDAIR', '', 0, '2000-03-01', '2023-03-08 23:42:19', '2023-03-08 23:42:19'),
(1950, '123.456.759-67', 'MARCEL', 'MARCIEL', '', 0, '2000-03-01', '2023-03-08 23:42:19', '2023-03-08 23:42:19'),
(1951, '123.456.759-68', 'GEFERSON', 'JEFERSON', '', 0, '2000-03-01', '2023-03-08 23:42:19', '2023-03-08 23:42:19'),
(1952, '123.456.759-69', 'ALEXANDER', 'ALEXANDER', '', 0, '2000-03-01', '2023-03-08 23:42:19', '2023-03-08 23:42:19'),
(1953, '123.456.759-70', 'MARIANO', 'MARIANO', '', 0, '2000-03-01', '2023-03-08 23:42:19', '2023-03-08 23:42:19'),
(1954, '123.456.759-71', 'REGIS', 'REGIS', '', 0, '2000-03-01', '2023-03-08 23:42:19', '2023-03-08 23:42:19'),
(1955, '123.456.759-72', 'BENTO', 'BENTO', '', 0, '2000-03-01', '2023-03-08 23:42:19', '2023-03-08 23:42:19');
INSERT INTO `jogadores` (`id`, `cpf`, `nome`, `apelido`, `telefone`, `Eexcluido`, `nacimento`, `created_at`, `updated_at`) VALUES
(1956, '123.456.759-73', 'NATALINO', 'NATALINO', '', 0, '2000-03-01', '2023-03-08 23:42:19', '2023-03-08 23:42:19'),
(1957, '123.456.759-74', 'VALDENIR', 'VALDENIR', '', 0, '2000-03-01', '2023-03-08 23:42:19', '2023-03-08 23:42:19'),
(1958, '123.456.759-75', 'WELTON', 'WILTON', '', 0, '2000-03-01', '2023-03-08 23:42:19', '2023-03-08 23:42:19'),
(1959, '123.456.759-76', 'ERINALDO', 'ERINALDO', '', 0, '2000-03-01', '2023-03-08 23:42:19', '2023-03-08 23:42:19'),
(1960, '123.456.759-77', 'HAMILTON', 'AMILTON', '', 0, '2000-03-01', '2023-03-08 23:42:19', '2023-03-08 23:42:19'),
(1961, '123.456.759-78', 'MIKAEL', 'MICAEL', '', 0, '2000-03-01', '2023-03-08 23:42:19', '2023-03-08 23:42:19'),
(1962, '123.456.759-79', 'CLEBERSON', 'CLEBERSON', '', 0, '2000-03-01', '2023-03-08 23:42:19', '2023-03-08 23:42:19'),
(1963, '123.456.759-80', 'JAMES', 'JAMES', '', 0, '2000-03-01', '2023-03-08 23:42:19', '2023-03-08 23:42:19'),
(1964, '123.456.759-81', 'JOHN', 'JOHN', '', 0, '2000-03-01', '2023-03-08 23:42:19', '2023-03-08 23:42:19'),
(1965, '123.456.759-82', 'TOMAS', 'TOMAS', '', 0, '2000-03-01', '2023-03-08 23:42:19', '2023-03-08 23:42:19'),
(1966, '123.456.759-83', 'JAKSON', 'JACSON', '', 0, '2000-03-01', '2023-03-08 23:42:19', '2023-03-08 23:42:19'),
(1967, '123.456.759-84', 'ULISSES', 'ULISSES', '', 0, '2000-03-01', '2023-03-08 23:42:19', '2023-03-08 23:42:19'),
(1968, '123.456.759-85', 'AURELIO', 'AURELIO', '', 0, '2000-03-01', '2023-03-08 23:42:19', '2023-03-08 23:42:19'),
(1969, '123.456.759-86', 'RONILDO', 'RONALDO', '', 0, '2000-03-01', '2023-03-08 23:42:19', '2023-03-08 23:42:19'),
(1970, '123.456.759-87', 'DIONISIO', 'DIONISIO', '', 0, '2000-03-01', '2023-03-08 23:42:19', '2023-03-08 23:42:19'),
(1971, '123.456.759-88', 'OLAVO', 'OLAVO', '', 0, '2000-03-01', '2023-03-08 23:42:19', '2023-03-08 23:42:19'),
(1972, '123.456.759-89', 'ELIEZER', 'ELIEZER', '', 0, '2000-03-01', '2023-03-08 23:42:19', '2023-03-08 23:42:19'),
(1973, '123.456.759-90', 'CARLITO', 'CARLITO', '', 0, '2000-03-01', '2023-03-08 23:42:19', '2023-03-08 23:42:19'),
(1974, '123.456.759-91', 'JHON', 'JOHN', '', 0, '2000-03-01', '2023-03-08 23:42:19', '2023-03-08 23:42:19'),
(1975, '123.456.759-92', 'FELIX', 'FELIX', '', 0, '2000-03-01', '2023-03-08 23:42:19', '2023-03-08 23:42:19'),
(1976, '123.456.759-93', 'NOEL', 'NOEL', '', 0, '2000-03-01', '2023-03-08 23:42:19', '2023-03-08 23:42:19'),
(1977, '123.456.759-94', 'ANSELMO', 'ANSELMO', '', 0, '2000-03-01', '2023-03-08 23:42:19', '2023-03-08 23:42:19'),
(1978, '123.456.759-95', 'LEONEL', 'LEONEL', '', 0, '2000-03-01', '2023-03-08 23:42:19', '2023-03-08 23:42:19'),
(1979, '123.456.759-96', 'CLEVERSON', 'CLEVERSON', '', 0, '2000-03-01', '2023-03-08 23:42:19', '2023-03-08 23:42:19'),
(1980, '123.456.759-97', 'ROMEU', 'ROMEU', '', 0, '2000-03-01', '2023-03-08 23:42:19', '2023-03-08 23:42:19'),
(1981, '123.456.749-01', 'JOSINALDO', 'JOSINALDO', '', 0, '2000-03-01', '2023-03-08 23:42:19', '2023-03-08 23:42:19'),
(1982, '123.456.749-02', 'PETERSON', 'PETERSON', '', 0, '2000-03-01', '2023-03-08 23:42:19', '2023-03-08 23:42:19'),
(1983, '123.456.749-03', 'ALCEU', 'ALCEU', '', 0, '2000-03-01', '2023-03-08 23:42:19', '2023-03-08 23:42:19'),
(1984, '123.456.749-04', 'DIONE', 'DIONE', '', 0, '2000-03-01', '2023-03-08 23:42:19', '2023-03-08 23:42:19'),
(1985, '123.456.749-05', 'ANISIO', 'ANISIO', '', 0, '2000-03-01', '2023-03-08 23:42:19', '2023-03-08 23:42:19'),
(1986, '123.456.749-06', 'DIMAS', 'DIMAS', '', 0, '2000-03-01', '2023-03-08 23:42:19', '2023-03-08 23:42:19'),
(1987, '123.456.749-07', 'NILO', 'NILO', '', 0, '2000-03-01', '2023-03-08 23:42:19', '2023-03-08 23:42:19'),
(1988, '123.456.749-08', 'GILDO', 'GILDO', '', 0, '2000-03-01', '2023-03-08 23:42:19', '2023-03-08 23:42:19'),
(1989, '123.456.749-09', 'ERASMO', 'ERASMO', '', 0, '2000-03-01', '2023-03-08 23:42:19', '2023-03-08 23:42:19'),
(1990, '123.456.749-10', 'JOAQUIN', 'JOAQUIM', '', 0, '2000-03-01', '2023-03-08 23:42:19', '2023-03-08 23:42:19'),
(1991, '123.456.749-11', 'ANANIAS', 'ANANIAS', '', 0, '2000-03-01', '2023-03-08 23:42:19', '2023-03-08 23:42:19'),
(1992, '123.456.749-12', 'DILSON', 'DILSON', '', 0, '2000-03-01', '2023-03-08 23:42:19', '2023-03-08 23:42:19'),
(1993, '123.456.749-13', 'GENESIO', 'GENESIO', '', 0, '2000-03-01', '2023-03-08 23:42:19', '2023-03-08 23:42:19'),
(1994, '123.456.749-14', 'ROSIVALDO', 'ROSIVALDO', '', 0, '2000-03-01', '2023-03-08 23:42:19', '2023-03-08 23:42:19'),
(1995, '123.456.749-15', 'ESPEDITO', 'ESPEDITO', '', 0, '2000-03-01', '2023-03-08 23:42:19', '2023-03-08 23:42:19'),
(1996, '123.456.749-16', 'IZAIAS', 'ISAIAS', '', 0, '2000-03-01', '2023-03-08 23:42:19', '2023-03-08 23:42:19'),
(1997, '123.456.749-17', 'OSEIAS', 'OSEIAS', '', 0, '2000-03-01', '2023-03-08 23:42:19', '2023-03-08 23:42:19'),
(1998, '123.456.749-18', 'COSMO', 'COSMO', '', 0, '2000-03-01', '2023-03-08 23:42:19', '2023-03-08 23:42:19'),
(1999, '123.456.749-19', 'WALDIR', 'WALDIR', '', 0, '2000-03-01', '2023-03-08 23:42:19', '2023-03-08 23:42:19'),
(2000, '123.456.749-20', 'ALUISIO', 'ALUISIO', '', 0, '2000-03-01', '2023-03-08 23:42:19', '2023-03-08 23:42:19'),
(2001, '123.456.749-21', 'KAIKE', 'KAIKE', '', 0, '2000-03-01', '2023-03-08 23:42:19', '2023-03-08 23:42:19'),
(2002, '123.456.749-22', 'WALISON', 'WALISON', '', 0, '2000-03-01', '2023-03-08 23:42:19', '2023-03-08 23:42:19'),
(2003, '123.456.749-23', 'HELENO', 'HELENO', '', 0, '2000-03-01', '2023-03-08 23:42:19', '2023-03-08 23:42:19'),
(2004, '123.456.749-24', 'MISAEL', 'MISAEL', '', 0, '2000-03-01', '2023-03-08 23:42:19', '2023-03-08 23:42:19'),
(2005, '123.456.749-25', 'ERIVAN', 'ERIVAN', '', 0, '2000-03-01', '2023-03-08 23:42:19', '2023-03-08 23:42:19'),
(2006, '123.456.749-26', 'JERSON', 'GERSON', '', 0, '2000-03-01', '2023-03-08 23:42:19', '2023-03-08 23:42:19'),
(2007, '123.456.749-27', 'ADOLFO', 'ADOLFO', '', 0, '2000-03-01', '2023-03-08 23:42:19', '2023-03-08 23:42:19'),
(2008, '123.456.749-28', 'WELLITON', 'WELLITON', '', 0, '2000-03-01', '2023-03-08 23:42:19', '2023-03-08 23:42:19'),
(2009, '123.456.749-29', 'DURVAL', 'DURVAL', '', 0, '2000-03-01', '2023-03-08 23:42:19', '2023-03-08 23:42:19'),
(2010, '123.456.749-30', 'DEIVISON', 'DEIVISON', '', 0, '2000-03-01', '2023-03-08 23:42:19', '2023-03-08 23:42:19'),
(2011, '123.456.749-31', 'THALES', 'TALES', '', 0, '2000-03-01', '2023-03-08 23:42:19', '2023-03-08 23:42:19'),
(2012, '123.456.749-32', 'WEMERSON', 'WEMERSON', '', 0, '2000-03-01', '2023-03-08 23:42:19', '2023-03-08 23:42:19'),
(2013, '123.456.749-33', 'NATHAN', 'NATAN', '', 0, '2000-03-01', '2023-03-08 23:42:19', '2023-03-08 23:42:19'),
(2014, '3', 'd', 'd', NULL, 0, '2001-10-01', '2023-03-09 03:21:03', '2023-03-09 03:21:03'),
(2015, '001.234.567-88', 'Junior', 'Jr', NULL, 0, '1997-08-31', '2023-03-11 00:05:42', '2023-03-11 00:05:42'),
(2016, '012.222.222-22', 'Bernado', 'Be', '(11) 11111-1111', 0, '2020-02-01', '2023-04-10 01:11:51', '2023-04-10 01:11:51'),
(2017, '201.200.000-00', 'Diego', 'Di', NULL, 0, '2020-02-01', '2023-04-10 01:12:31', '2023-04-10 01:12:31'),
(2018, '745.521.222-22', 'Junior', 'Ju', NULL, 0, '2222-12-31', '2023-04-10 01:17:51', '2023-04-10 01:17:51');

-- --------------------------------------------------------

--
-- Estrutura da tabela `jogadores_participantes`
--

CREATE TABLE `jogadores_participantes` (
  `id` bigint(20) UNSIGNED NOT NULL,
  `id_time` bigint(20) UNSIGNED NOT NULL,
  `id_campeonato` bigint(20) UNSIGNED NOT NULL,
  `id_jogador` bigint(20) UNSIGNED NOT NULL,
  `status` smallint(6) NOT NULL,
  `created_at` timestamp NOT NULL DEFAULT current_timestamp(),
  `updated_at` timestamp NOT NULL DEFAULT current_timestamp()
) ENGINE=InnoDB DEFAULT CHARSET=utf8mb4 COLLATE=utf8mb4_unicode_ci;

--
-- Extraindo dados da tabela `jogadores_participantes`
--

INSERT INTO `jogadores_participantes` (`id`, `id_time`, `id_campeonato`, `id_jogador`, `status`, `created_at`, `updated_at`) VALUES
(1, 1, 1, 1513, 1, '2023-03-11 00:15:59', '2023-03-11 00:15:59'),
(2, 1, 1, 1526, 1, '2023-03-11 00:15:59', '2023-03-11 00:15:59'),
(3, 1, 1, 1515, 1, '2023-03-11 00:15:59', '2023-03-11 00:15:59'),
(4, 1, 1, 1524, 1, '2023-03-11 00:15:59', '2023-03-11 00:15:59'),
(5, 1, 1, 1527, 1, '2023-03-11 00:15:59', '2023-03-11 00:15:59'),
(6, 1, 1, 1528, 1, '2023-03-11 00:15:59', '2023-03-11 00:15:59'),
(7, 1, 1, 1514, 1, '2023-03-11 00:15:59', '2023-03-11 00:15:59'),
(8, 1, 1, 1522, 1, '2023-03-11 00:15:59', '2023-03-11 00:15:59'),
(9, 1, 1, 1512, 1, '2023-03-11 00:15:59', '2023-03-11 00:15:59'),
(10, 1, 1, 2, 1, '2023-03-11 00:15:59', '2023-03-11 00:15:59'),
(11, 1, 1, 1, 1, '2023-03-11 00:15:59', '2023-03-11 00:15:59'),
(12, 1, 1, 1518, 1, '2023-03-11 00:15:59', '2023-03-11 00:15:59'),
(13, 1, 1, 1521, 1, '2023-03-11 00:15:59', '2023-03-11 00:15:59'),
(14, 1, 1, 1519, 1, '2023-03-11 00:15:59', '2023-03-11 00:15:59'),
(15, 1, 1, 1525, 1, '2023-03-11 00:15:59', '2023-03-11 00:15:59'),
(16, 1, 1, 1520, 1, '2023-03-11 00:16:00', '2023-03-11 00:16:00'),
(17, 1, 1, 1516, 1, '2023-03-11 00:16:00', '2023-03-11 00:16:00'),
(18, 1, 1, 1517, 1, '2023-03-11 00:16:00', '2023-03-11 00:16:00'),
(19, 1, 1, 1523, 1, '2023-03-11 00:16:00', '2023-03-11 00:16:00'),
(20, 1, 1, 1529, 1, '2023-03-11 00:16:00', '2023-03-11 00:16:00'),
(21, 1, 1, 1530, 1, '2023-03-11 00:16:00', '2023-03-11 00:16:00'),
(22, 2, 1, 1585, 1, '2023-03-11 00:16:40', '2023-03-11 00:16:59'),
(23, 2, 1, 1582, 1, '2023-03-11 00:16:40', '2023-03-11 00:16:59'),
(24, 2, 1, 1579, 1, '2023-03-11 00:16:40', '2023-03-11 00:16:59'),
(25, 2, 1, 1572, 1, '2023-03-11 00:16:40', '2023-03-11 00:16:59'),
(26, 2, 1, 1587, 1, '2023-03-11 00:16:40', '2023-03-11 00:16:59'),
(27, 2, 1, 1577, 1, '2023-03-11 00:16:41', '2023-03-11 00:16:59'),
(28, 2, 1, 1569, 1, '2023-03-11 00:16:41', '2023-03-11 00:16:59'),
(29, 2, 1, 1593, 1, '2023-03-11 00:16:41', '2023-03-11 00:16:59'),
(30, 2, 1, 1567, 1, '2023-03-11 00:16:41', '2023-03-11 00:16:59'),
(31, 2, 1, 1588, 1, '2023-03-11 00:16:41', '2023-03-11 00:16:59'),
(32, 2, 1, 1591, 1, '2023-03-11 00:16:41', '2023-03-11 00:16:59'),
(33, 2, 1, 1596, 1, '2023-03-11 00:16:41', '2023-03-11 00:16:59'),
(34, 2, 1, 1566, 1, '2023-03-11 00:16:41', '2023-03-11 00:16:59'),
(35, 2, 1, 1583, 1, '2023-03-11 00:16:41', '2023-03-11 00:16:59'),
(36, 2, 1, 1578, 1, '2023-03-11 00:16:41', '2023-03-11 00:16:59'),
(37, 2, 1, 1568, 1, '2023-03-11 00:16:41', '2023-03-11 00:16:59'),
(38, 2, 1, 1571, 1, '2023-03-11 00:16:41', '2023-03-11 00:16:59'),
(39, 2, 1, 1581, 1, '2023-03-11 00:16:41', '2023-03-11 00:16:59'),
(40, 2, 1, 1592, 1, '2023-03-11 00:16:41', '2023-03-11 00:16:59'),
(41, 2, 1, 1570, 1, '2023-03-11 00:16:41', '2023-03-11 00:16:59'),
(42, 2, 1, 1584, 1, '2023-03-11 00:16:41', '2023-03-11 00:16:59'),
(43, 2, 1, 1565, 1, '2023-03-11 00:16:41', '2023-03-11 00:16:59'),
(44, 2, 1, 1576, 0, '2023-03-11 00:16:41', '2023-03-11 00:16:59'),
(45, 2, 1, 1574, 0, '2023-03-11 00:16:41', '2023-03-11 00:16:59'),
(46, 2, 1, 1586, 0, '2023-03-11 00:16:41', '2023-03-11 00:16:59'),
(47, 2, 1, 1580, 0, '2023-03-11 00:16:41', '2023-03-11 00:16:59'),
(48, 2, 1, 1594, 0, '2023-03-11 00:16:41', '2023-03-11 00:16:59'),
(49, 2, 1, 1575, 0, '2023-03-11 00:16:41', '2023-03-11 00:16:59'),
(50, 2, 1, 1562, 0, '2023-03-11 00:16:41', '2023-03-11 00:16:59'),
(51, 2, 1, 1564, 0, '2023-03-11 00:16:41', '2023-03-11 00:16:59'),
(52, 2, 1, 1563, 0, '2023-03-11 00:16:41', '2023-03-11 00:16:59'),
(53, 2, 1, 1595, 0, '2023-03-11 00:16:41', '2023-03-11 00:16:59'),
(54, 2, 1, 1590, 0, '2023-03-11 00:16:41', '2023-03-11 00:16:59'),
(55, 2, 1, 1573, 0, '2023-03-11 00:16:41', '2023-03-11 00:16:59'),
(56, 2, 1, 1561, 0, '2023-03-11 00:16:41', '2023-03-11 00:16:59'),
(57, 2, 1, 1589, 0, '2023-03-11 00:16:41', '2023-03-11 00:16:59'),
(58, 3, 1, 1633, 1, '2023-03-11 00:17:10', '2023-03-11 00:17:10'),
(59, 3, 1, 1632, 1, '2023-03-11 00:17:10', '2023-03-11 00:17:10'),
(60, 3, 1, 1640, 1, '2023-03-11 00:17:10', '2023-03-11 00:17:10'),
(61, 3, 1, 1648, 1, '2023-03-11 00:17:10', '2023-03-11 00:17:10'),
(62, 3, 1, 1642, 1, '2023-03-11 00:17:10', '2023-03-11 00:17:10'),
(63, 3, 1, 1635, 1, '2023-03-11 00:17:10', '2023-03-11 00:17:10'),
(64, 3, 1, 1627, 1, '2023-03-11 00:17:10', '2023-03-11 00:17:10'),
(65, 3, 1, 1639, 1, '2023-03-11 00:17:10', '2023-03-11 00:17:10'),
(66, 3, 1, 1634, 1, '2023-03-11 00:17:10', '2023-03-11 00:17:10'),
(67, 3, 1, 1522, 0, '2023-03-11 00:17:10', '2023-03-11 00:17:10'),
(68, 3, 1, 1641, 1, '2023-03-11 00:17:10', '2023-03-11 00:17:10'),
(69, 3, 1, 1521, 0, '2023-03-11 00:17:10', '2023-03-11 00:17:10'),
(70, 3, 1, 1520, 0, '2023-03-11 00:17:10', '2023-03-11 00:17:10'),
(71, 3, 1, 1630, 1, '2023-03-11 00:17:10', '2023-03-11 00:17:10'),
(72, 3, 1, 1652, 1, '2023-03-11 00:17:10', '2023-03-11 00:17:10'),
(73, 3, 1, 1644, 1, '2023-03-11 00:17:10', '2023-03-11 00:17:10'),
(74, 3, 1, 1629, 1, '2023-03-11 00:17:10', '2023-03-11 00:17:10'),
(75, 3, 1, 1636, 1, '2023-03-11 00:17:10', '2023-03-11 00:17:10'),
(76, 3, 1, 1628, 1, '2023-03-11 00:17:10', '2023-03-11 00:17:10'),
(77, 4, 1, 1888, 1, '2023-03-11 02:00:04', '2023-03-11 02:00:04'),
(78, 4, 1, 1906, 1, '2023-03-11 02:00:04', '2023-03-11 02:00:04'),
(79, 4, 1, 1895, 1, '2023-03-11 02:00:04', '2023-03-11 02:00:04'),
(80, 4, 1, 1902, 1, '2023-03-11 02:00:04', '2023-03-11 02:00:04'),
(81, 4, 1, 1890, 1, '2023-03-11 02:00:04', '2023-03-11 02:00:04'),
(82, 4, 1, 1908, 1, '2023-03-11 02:00:04', '2023-03-11 02:00:04'),
(83, 4, 1, 1900, 1, '2023-03-11 02:00:04', '2023-03-11 02:00:04'),
(84, 4, 1, 1898, 1, '2023-03-11 02:00:04', '2023-03-11 02:00:04'),
(85, 4, 1, 1904, 1, '2023-03-11 02:00:05', '2023-03-11 02:00:05'),
(86, 4, 1, 1892, 1, '2023-03-11 02:00:05', '2023-03-11 02:00:05'),
(87, 4, 1, 1903, 1, '2023-03-11 02:00:05', '2023-03-11 02:00:05'),
(88, 4, 1, 1901, 1, '2023-03-11 02:00:05', '2023-03-11 02:00:05'),
(89, 4, 1, 1891, 1, '2023-03-11 02:00:05', '2023-03-11 02:00:05'),
(90, 4, 1, 1899, 1, '2023-03-11 02:00:05', '2023-03-11 02:00:05'),
(91, 4, 1, 1893, 1, '2023-03-11 02:00:05', '2023-03-11 02:00:05'),
(92, 4, 1, 1914, 1, '2023-03-11 02:00:05', '2023-03-11 02:00:05'),
(93, 4, 1, 1917, 1, '2023-03-11 02:00:05', '2023-03-11 02:00:05'),
(94, 4, 1, 1916, 1, '2023-03-11 02:00:05', '2023-03-11 02:00:05'),
(95, 4, 1, 1886, 1, '2023-03-11 02:00:05', '2023-03-11 02:00:05'),
(96, 4, 1, 1910, 1, '2023-03-11 02:00:05', '2023-03-11 02:00:05'),
(97, 4, 1, 1887, 1, '2023-03-11 02:00:05', '2023-03-11 02:00:05'),
(98, 4, 1, 1911, 0, '2023-03-11 02:00:05', '2023-03-11 02:00:05'),
(99, 4, 1, 1897, 0, '2023-03-11 02:00:05', '2023-03-11 02:00:05'),
(100, 4, 1, 1889, 0, '2023-03-11 02:00:05', '2023-03-11 02:00:05'),
(101, 4, 1, 1915, 0, '2023-03-11 02:00:05', '2023-03-11 02:00:05'),
(102, 4, 1, 1913, 1, '2023-03-11 02:00:05', '2023-03-11 02:00:05'),
(103, 4, 1, 1909, 1, '2023-03-11 02:00:05', '2023-03-11 02:00:05'),
(104, 4, 1, 1907, 1, '2023-03-11 02:00:05', '2023-03-11 02:00:05'),
(105, 4, 1, 1905, 1, '2023-03-11 02:00:05', '2023-03-11 02:00:05'),
(106, 4, 1, 1896, 1, '2023-03-11 02:00:05', '2023-03-11 02:00:05'),
(107, 4, 1, 1912, 1, '2023-03-11 02:00:05', '2023-03-11 02:00:05'),
(108, 4, 1, 1894, 1, '2023-03-11 02:00:05', '2023-03-11 02:00:05'),
(109, 5, 1, 1943, 1, '2023-03-11 02:00:24', '2023-03-11 02:00:24'),
(110, 5, 1, 1926, 1, '2023-03-11 02:00:24', '2023-03-11 02:00:24'),
(111, 5, 1, 1934, 1, '2023-03-11 02:00:24', '2023-03-11 02:00:24'),
(112, 5, 1, 1932, 1, '2023-03-11 02:00:24', '2023-03-11 02:00:24'),
(113, 5, 1, 1920, 1, '2023-03-11 02:00:24', '2023-03-11 02:00:24'),
(114, 5, 1, 1930, 1, '2023-03-11 02:00:24', '2023-03-11 02:00:24'),
(115, 5, 1, 1941, 1, '2023-03-11 02:00:24', '2023-03-11 02:00:24'),
(116, 5, 1, 1944, 1, '2023-03-11 02:00:24', '2023-03-11 02:00:24'),
(117, 5, 1, 1936, 1, '2023-03-11 02:00:24', '2023-03-11 02:00:24'),
(118, 5, 1, 1921, 1, '2023-03-11 02:00:24', '2023-03-11 02:00:24'),
(119, 5, 1, 1937, 1, '2023-03-11 02:00:24', '2023-03-11 02:00:24'),
(120, 5, 1, 1927, 1, '2023-03-11 02:00:24', '2023-03-11 02:00:24'),
(121, 5, 1, 1939, 1, '2023-03-11 02:00:24', '2023-03-11 02:00:24'),
(122, 5, 1, 1931, 1, '2023-03-11 02:00:24', '2023-03-11 02:00:24'),
(123, 5, 1, 1917, 0, '2023-03-11 02:00:24', '2023-03-11 02:00:24'),
(124, 5, 1, 1923, 1, '2023-03-11 02:00:24', '2023-03-11 02:00:24'),
(125, 5, 1, 1933, 1, '2023-03-11 02:00:24', '2023-03-11 02:00:24'),
(126, 5, 1, 1940, 1, '2023-03-11 02:00:24', '2023-03-11 02:00:24'),
(127, 5, 1, 1928, 1, '2023-03-11 02:00:24', '2023-03-11 02:00:24'),
(128, 5, 1, 1919, 1, '2023-03-11 02:00:24', '2023-03-11 02:00:24'),
(129, 5, 1, 1924, 1, '2023-03-11 02:00:24', '2023-03-11 02:00:24'),
(130, 5, 1, 1922, 1, '2023-03-11 02:00:24', '2023-03-11 02:00:24'),
(131, 5, 1, 1918, 1, '2023-03-11 02:00:24', '2023-03-11 02:00:24'),
(132, 5, 1, 1929, 1, '2023-03-11 02:00:24', '2023-03-11 02:00:24'),
(133, 5, 1, 1925, 1, '2023-03-11 02:00:24', '2023-03-11 02:00:24'),
(134, 5, 1, 1942, 1, '2023-03-11 02:00:24', '2023-03-11 02:00:24'),
(135, 5, 1, 1935, 1, '2023-03-11 02:00:24', '2023-03-11 02:00:24'),
(136, 5, 1, 1938, 1, '2023-03-11 02:00:24', '2023-03-11 02:00:24'),
(137, 6, 1, 1943, 0, '2023-03-11 02:00:41', '2023-03-11 02:00:41'),
(138, 6, 1, 1949, 1, '2023-03-11 02:00:41', '2023-03-11 02:00:41'),
(139, 6, 1, 1952, 1, '2023-03-11 02:00:41', '2023-03-11 02:00:41'),
(140, 6, 1, 1968, 1, '2023-03-11 02:00:41', '2023-03-11 02:00:41'),
(141, 6, 1, 1955, 1, '2023-03-11 02:00:41', '2023-03-11 02:00:41'),
(142, 6, 1, 1962, 1, '2023-03-11 02:00:41', '2023-03-11 02:00:41'),
(143, 6, 1, 1970, 1, '2023-03-11 02:00:41', '2023-03-11 02:00:41'),
(144, 6, 1, 1944, 0, '2023-03-11 02:00:41', '2023-03-11 02:00:41'),
(145, 6, 1, 1972, 1, '2023-03-11 02:00:41', '2023-03-11 02:00:41'),
(146, 6, 1, 1959, 1, '2023-03-11 02:00:41', '2023-03-11 02:00:41'),
(147, 6, 1, 1946, 1, '2023-03-11 02:00:41', '2023-03-11 02:00:41'),
(148, 6, 1, 1951, 1, '2023-03-11 02:00:41', '2023-03-11 02:00:41'),
(149, 6, 1, 1960, 1, '2023-03-11 02:00:41', '2023-03-11 02:00:41'),
(150, 6, 1, 1966, 1, '2023-03-11 02:00:41', '2023-03-11 02:00:41'),
(151, 6, 1, 1963, 1, '2023-03-11 02:00:41', '2023-03-11 02:00:41'),
(152, 6, 1, 1947, 1, '2023-03-11 02:00:41', '2023-03-11 02:00:41'),
(153, 6, 1, 1964, 1, '2023-03-11 02:00:41', '2023-03-11 02:00:41'),
(154, 6, 1, 1945, 1, '2023-03-11 02:00:41', '2023-03-11 02:00:41'),
(155, 6, 1, 1948, 1, '2023-03-11 02:00:41', '2023-03-11 02:00:41'),
(156, 6, 1, 1950, 1, '2023-03-11 02:00:41', '2023-03-11 02:00:41'),
(157, 6, 1, 1953, 1, '2023-03-11 02:00:41', '2023-03-11 02:00:41'),
(158, 6, 1, 1961, 1, '2023-03-11 02:00:41', '2023-03-11 02:00:41'),
(159, 6, 1, 1956, 1, '2023-03-11 02:00:41', '2023-03-11 02:00:41'),
(160, 6, 1, 1971, 1, '2023-03-11 02:00:41', '2023-03-11 02:00:41'),
(161, 6, 1, 1942, 0, '2023-03-11 02:00:41', '2023-03-11 02:00:41'),
(162, 6, 1, 1954, 1, '2023-03-11 02:00:41', '2023-03-11 02:00:41'),
(163, 6, 1, 1969, 1, '2023-03-11 02:00:41', '2023-03-11 02:00:41'),
(164, 6, 1, 1965, 1, '2023-03-11 02:00:41', '2023-03-11 02:00:41'),
(165, 6, 1, 1967, 1, '2023-03-11 02:00:41', '2023-03-11 02:00:41'),
(166, 6, 1, 1957, 1, '2023-03-11 02:00:41', '2023-03-11 02:00:41'),
(167, 6, 1, 1958, 1, '2023-03-11 02:00:41', '2023-03-11 02:00:41'),
(168, 7, 1, 1983, 1, '2023-03-11 02:01:00', '2023-03-11 02:01:00'),
(169, 7, 1, 1991, 1, '2023-03-11 02:01:00', '2023-03-11 02:01:00'),
(170, 7, 1, 1985, 1, '2023-03-11 02:01:00', '2023-03-11 02:01:00'),
(171, 7, 1, 1977, 1, '2023-03-11 02:01:00', '2023-03-11 02:01:00'),
(172, 7, 1, 1973, 1, '2023-03-11 02:01:00', '2023-03-11 02:01:00'),
(173, 7, 1, 1979, 1, '2023-03-11 02:01:00', '2023-03-11 02:01:00'),
(174, 7, 1, 1992, 1, '2023-03-11 02:01:00', '2023-03-11 02:01:00'),
(175, 7, 1, 1986, 1, '2023-03-11 02:01:00', '2023-03-11 02:01:00'),
(176, 7, 1, 1984, 1, '2023-03-11 02:01:00', '2023-03-11 02:01:00'),
(177, 7, 1, 1989, 1, '2023-03-11 02:01:00', '2023-03-11 02:01:00'),
(178, 7, 1, 1975, 1, '2023-03-11 02:01:00', '2023-03-11 02:01:00'),
(179, 7, 1, 1988, 1, '2023-03-11 02:01:00', '2023-03-11 02:01:00'),
(180, 7, 1, 1974, 1, '2023-03-11 02:01:00', '2023-03-11 02:01:00'),
(181, 7, 1, 1990, 1, '2023-03-11 02:01:00', '2023-03-11 02:01:00'),
(182, 7, 1, 1981, 1, '2023-03-11 02:01:00', '2023-03-11 02:01:00'),
(183, 7, 1, 1978, 1, '2023-03-11 02:01:00', '2023-03-11 02:01:00'),
(184, 7, 1, 1987, 1, '2023-03-11 02:01:00', '2023-03-11 02:01:00'),
(185, 7, 1, 1976, 1, '2023-03-11 02:01:00', '2023-03-11 02:01:00'),
(186, 7, 1, 1982, 1, '2023-03-11 02:01:00', '2023-03-11 02:01:00'),
(187, 7, 1, 1980, 1, '2023-03-11 02:01:00', '2023-03-11 02:01:00'),
(188, 8, 1, 2007, 1, '2023-03-11 02:01:20', '2023-03-11 02:01:20'),
(189, 8, 1, 2000, 1, '2023-03-11 02:01:20', '2023-03-11 02:01:20'),
(190, 8, 1, 1998, 1, '2023-03-11 02:01:20', '2023-03-11 02:01:20'),
(191, 8, 1, 2010, 1, '2023-03-11 02:01:20', '2023-03-11 02:01:20'),
(192, 8, 1, 2009, 1, '2023-03-11 02:01:20', '2023-03-11 02:01:20'),
(193, 8, 1, 2005, 1, '2023-03-11 02:01:20', '2023-03-11 02:01:20'),
(194, 8, 1, 1995, 1, '2023-03-11 02:01:20', '2023-03-11 02:01:20'),
(195, 8, 1, 1993, 1, '2023-03-11 02:01:20', '2023-03-11 02:01:20'),
(196, 8, 1, 2003, 1, '2023-03-11 02:01:20', '2023-03-11 02:01:20'),
(197, 8, 1, 1996, 1, '2023-03-11 02:01:20', '2023-03-11 02:01:20'),
(198, 8, 1, 2006, 1, '2023-03-11 02:01:20', '2023-03-11 02:01:20'),
(199, 8, 1, 2015, 1, '2023-03-11 02:01:20', '2023-03-11 02:01:20'),
(200, 8, 1, 2001, 1, '2023-03-11 02:01:20', '2023-03-11 02:01:20'),
(201, 8, 1, 2004, 1, '2023-03-11 02:01:20', '2023-03-11 02:01:20'),
(202, 8, 1, 2013, 1, '2023-03-11 02:01:20', '2023-03-11 02:01:20'),
(203, 8, 1, 1997, 1, '2023-03-11 02:01:20', '2023-03-11 02:01:20'),
(204, 8, 1, 1994, 1, '2023-03-11 02:01:20', '2023-03-11 02:01:20'),
(205, 8, 1, 2011, 1, '2023-03-11 02:01:20', '2023-03-11 02:01:20'),
(206, 8, 1, 1999, 1, '2023-03-11 02:01:20', '2023-03-11 02:01:20'),
(207, 8, 1, 2002, 1, '2023-03-11 02:01:20', '2023-03-11 02:01:20'),
(208, 8, 1, 2008, 1, '2023-03-11 02:01:20', '2023-03-11 02:01:20'),
(209, 8, 1, 2012, 1, '2023-03-11 02:01:20', '2023-03-11 02:01:20'),
(210, 3, 2, 1633, 1, '2023-03-11 02:32:56', '2023-03-11 02:32:56'),
(211, 3, 2, 1632, 1, '2023-03-11 02:32:56', '2023-03-11 02:32:56'),
(212, 3, 2, 1640, 1, '2023-03-11 02:32:57', '2023-03-11 02:32:57'),
(213, 3, 2, 1648, 1, '2023-03-11 02:32:57', '2023-03-11 02:32:57'),
(214, 3, 2, 1642, 1, '2023-03-11 02:32:57', '2023-03-11 02:32:57'),
(215, 3, 2, 1635, 1, '2023-03-11 02:32:57', '2023-03-11 02:32:57'),
(216, 3, 2, 1627, 1, '2023-03-11 02:32:57', '2023-03-11 02:32:57'),
(217, 3, 2, 1639, 1, '2023-03-11 02:32:57', '2023-03-11 02:32:57'),
(218, 3, 2, 1634, 1, '2023-03-11 02:32:57', '2023-03-11 02:32:57'),
(219, 3, 2, 1522, 1, '2023-03-11 02:32:57', '2023-03-11 02:32:57'),
(220, 3, 2, 1641, 1, '2023-03-11 02:32:57', '2023-03-11 02:32:57'),
(221, 3, 2, 1521, 1, '2023-03-11 02:32:57', '2023-03-11 02:32:57'),
(222, 3, 2, 1520, 1, '2023-03-11 02:32:57', '2023-03-11 02:32:57'),
(223, 3, 2, 1630, 1, '2023-03-11 02:32:57', '2023-03-11 02:32:57'),
(224, 3, 2, 1652, 1, '2023-03-11 02:32:57', '2023-03-11 02:32:57'),
(225, 3, 2, 1644, 1, '2023-03-11 02:32:57', '2023-03-11 02:32:57'),
(226, 3, 2, 1629, 1, '2023-03-11 02:32:57', '2023-03-11 02:32:57'),
(227, 3, 2, 1636, 1, '2023-03-11 02:32:57', '2023-03-11 02:32:57'),
(228, 3, 2, 1628, 1, '2023-03-11 02:32:57', '2023-03-11 02:32:57'),
(229, 2, 2, 1585, 0, '2023-03-11 02:33:28', '2023-03-11 02:44:07'),
(230, 2, 2, 1582, 0, '2023-03-11 02:33:28', '2023-03-11 02:44:07'),
(231, 2, 2, 1579, 0, '2023-03-11 02:33:28', '2023-03-11 02:44:07'),
(232, 2, 2, 1572, 0, '2023-03-11 02:33:28', '2023-03-11 02:44:07'),
(233, 2, 2, 1587, 0, '2023-03-11 02:33:28', '2023-03-11 02:44:07'),
(234, 2, 2, 1577, 1, '2023-03-11 02:33:28', '2023-03-11 02:44:07'),
(235, 2, 2, 1569, 1, '2023-03-11 02:33:28', '2023-03-11 02:44:07'),
(236, 2, 2, 1593, 1, '2023-03-11 02:33:28', '2023-03-11 02:44:07'),
(237, 2, 2, 1567, 0, '2023-03-11 02:33:28', '2023-03-11 02:44:07'),
(238, 2, 2, 1588, 1, '2023-03-11 02:33:28', '2023-03-11 02:44:07'),
(239, 2, 2, 1591, 0, '2023-03-11 02:33:28', '2023-03-11 02:44:07'),
(240, 2, 2, 1596, 1, '2023-03-11 02:33:28', '2023-03-11 02:44:07'),
(241, 2, 2, 1566, 1, '2023-03-11 02:33:28', '2023-03-11 02:44:07'),
(242, 2, 2, 1583, 1, '2023-03-11 02:33:28', '2023-03-11 02:44:07'),
(243, 2, 2, 1578, 1, '2023-03-11 02:33:28', '2023-03-11 02:44:07'),
(244, 2, 2, 1568, 1, '2023-03-11 02:33:28', '2023-03-11 02:44:07'),
(245, 2, 2, 1571, 0, '2023-03-11 02:33:28', '2023-03-11 02:44:07'),
(246, 2, 2, 1581, 1, '2023-03-11 02:33:28', '2023-03-11 02:44:07'),
(247, 2, 2, 1592, 1, '2023-03-11 02:33:28', '2023-03-11 02:44:07'),
(248, 2, 2, 1570, 1, '2023-03-11 02:33:28', '2023-03-11 02:44:07'),
(249, 2, 2, 1584, 1, '2023-03-11 02:33:28', '2023-03-11 02:44:07'),
(250, 2, 2, 1565, 1, '2023-03-11 02:33:28', '2023-03-11 02:44:07'),
(251, 2, 2, 1576, 1, '2023-03-11 02:33:28', '2023-03-11 02:44:07'),
(252, 2, 2, 1574, 1, '2023-03-11 02:33:28', '2023-03-11 02:44:07'),
(253, 2, 2, 1586, 1, '2023-03-11 02:33:28', '2023-03-11 02:44:07'),
(254, 2, 2, 1580, 1, '2023-03-11 02:33:28', '2023-03-11 02:44:07'),
(255, 2, 2, 1594, 1, '2023-03-11 02:33:28', '2023-03-11 02:44:07'),
(256, 2, 2, 1575, 0, '2023-03-11 02:33:28', '2023-03-11 02:44:07'),
(257, 2, 2, 1562, 1, '2023-03-11 02:33:28', '2023-03-11 02:44:07'),
(258, 2, 2, 1564, 1, '2023-03-11 02:33:28', '2023-03-11 02:44:07'),
(259, 2, 2, 1563, 1, '2023-03-11 02:33:28', '2023-03-11 02:44:07'),
(260, 2, 2, 1595, 1, '2023-03-11 02:33:28', '2023-03-11 02:44:07'),
(261, 2, 2, 1590, 1, '2023-03-11 02:33:28', '2023-03-11 02:44:07'),
(262, 2, 2, 1573, 1, '2023-03-11 02:33:28', '2023-03-11 02:44:07'),
(263, 2, 2, 1561, 1, '2023-03-11 02:33:28', '2023-03-11 02:44:07'),
(264, 2, 2, 1589, 0, '2023-03-11 02:33:28', '2023-03-11 02:44:07'),
(265, 5, 2, 1943, 1, '2023-03-11 02:33:48', '2023-03-11 02:33:48'),
(266, 5, 2, 1926, 1, '2023-03-11 02:33:48', '2023-03-11 02:33:48'),
(267, 5, 2, 1934, 1, '2023-03-11 02:33:48', '2023-03-11 02:33:48'),
(268, 5, 2, 1932, 1, '2023-03-11 02:33:48', '2023-03-11 02:33:48'),
(269, 5, 2, 1920, 1, '2023-03-11 02:33:48', '2023-03-11 02:33:48'),
(270, 5, 2, 1930, 1, '2023-03-11 02:33:48', '2023-03-11 02:33:48'),
(271, 5, 2, 1941, 1, '2023-03-11 02:33:48', '2023-03-11 02:33:48'),
(272, 5, 2, 1944, 1, '2023-03-11 02:33:48', '2023-03-11 02:33:48'),
(273, 5, 2, 1936, 1, '2023-03-11 02:33:48', '2023-03-11 02:33:48'),
(274, 5, 2, 1921, 1, '2023-03-11 02:33:48', '2023-03-11 02:33:48'),
(275, 5, 2, 1937, 1, '2023-03-11 02:33:48', '2023-03-11 02:33:48'),
(276, 5, 2, 1927, 1, '2023-03-11 02:33:48', '2023-03-11 02:33:48'),
(277, 5, 2, 1939, 1, '2023-03-11 02:33:48', '2023-03-11 02:33:48'),
(278, 5, 2, 1931, 1, '2023-03-11 02:33:48', '2023-03-11 02:33:48'),
(279, 5, 2, 1917, 1, '2023-03-11 02:33:48', '2023-03-11 02:33:48'),
(280, 5, 2, 1923, 1, '2023-03-11 02:33:48', '2023-03-11 02:33:48'),
(281, 5, 2, 1933, 1, '2023-03-11 02:33:48', '2023-03-11 02:33:48'),
(282, 5, 2, 1940, 1, '2023-03-11 02:33:48', '2023-03-11 02:33:48'),
(283, 5, 2, 1928, 1, '2023-03-11 02:33:48', '2023-03-11 02:33:48'),
(284, 5, 2, 1919, 0, '2023-03-11 02:33:48', '2023-03-11 02:33:48'),
(285, 5, 2, 1924, 0, '2023-03-11 02:33:48', '2023-03-11 02:33:48'),
(286, 5, 2, 1922, 0, '2023-03-11 02:33:48', '2023-03-11 02:33:48'),
(287, 5, 2, 1918, 1, '2023-03-11 02:33:48', '2023-03-11 02:33:48'),
(288, 5, 2, 1929, 1, '2023-03-11 02:33:48', '2023-03-11 02:33:48'),
(289, 5, 2, 1925, 1, '2023-03-11 02:33:48', '2023-03-11 02:33:48'),
(290, 5, 2, 1942, 1, '2023-03-11 02:33:48', '2023-03-11 02:33:48'),
(291, 5, 2, 1935, 1, '2023-03-11 02:33:48', '2023-03-11 02:33:48'),
(292, 5, 2, 1938, 1, '2023-03-11 02:33:48', '2023-03-11 02:33:48'),
(293, 1, 2, 1513, 1, '2023-03-11 02:34:04', '2023-03-11 02:34:04'),
(294, 1, 2, 1526, 1, '2023-03-11 02:34:04', '2023-03-11 02:34:04'),
(295, 1, 2, 1515, 1, '2023-03-11 02:34:04', '2023-03-11 02:34:04'),
(296, 1, 2, 1524, 1, '2023-03-11 02:34:04', '2023-03-11 02:34:04'),
(297, 1, 2, 1527, 1, '2023-03-11 02:34:04', '2023-03-11 02:34:04'),
(298, 1, 2, 1528, 1, '2023-03-11 02:34:04', '2023-03-11 02:34:04'),
(299, 1, 2, 1514, 1, '2023-03-11 02:34:04', '2023-03-11 02:34:04'),
(300, 1, 2, 1522, 0, '2023-03-11 02:34:04', '2023-03-11 02:34:04'),
(301, 1, 2, 1512, 1, '2023-03-11 02:34:04', '2023-03-11 02:34:04'),
(302, 1, 2, 2, 1, '2023-03-11 02:34:04', '2023-03-11 02:34:04'),
(303, 1, 2, 1, 1, '2023-03-11 02:34:04', '2023-03-11 02:34:04'),
(304, 1, 2, 1518, 1, '2023-03-11 02:34:04', '2023-03-11 02:34:04'),
(305, 1, 2, 1521, 0, '2023-03-11 02:34:04', '2023-03-11 02:34:04'),
(306, 1, 2, 1519, 1, '2023-03-11 02:34:04', '2023-03-11 02:34:04'),
(307, 1, 2, 1525, 1, '2023-03-11 02:34:04', '2023-03-11 02:34:04'),
(308, 1, 2, 1520, 0, '2023-03-11 02:34:04', '2023-03-11 02:34:04'),
(309, 1, 2, 1516, 1, '2023-03-11 02:34:04', '2023-03-11 02:34:04'),
(310, 1, 2, 1517, 1, '2023-03-11 02:34:04', '2023-03-11 02:34:04'),
(311, 1, 2, 1523, 1, '2023-03-11 02:34:04', '2023-03-11 02:34:04'),
(312, 1, 2, 1529, 1, '2023-03-11 02:34:04', '2023-03-11 02:34:04'),
(313, 1, 2, 1530, 1, '2023-03-11 02:34:04', '2023-03-11 02:34:04'),
(314, 7, 2, 1983, 1, '2023-03-11 02:34:20', '2023-03-11 02:34:20'),
(315, 7, 2, 1991, 1, '2023-03-11 02:34:20', '2023-03-11 02:34:20'),
(316, 7, 2, 1985, 1, '2023-03-11 02:34:20', '2023-03-11 02:34:20'),
(317, 7, 2, 1977, 1, '2023-03-11 02:34:20', '2023-03-11 02:34:20'),
(318, 7, 2, 1973, 1, '2023-03-11 02:34:20', '2023-03-11 02:34:20'),
(319, 7, 2, 1979, 1, '2023-03-11 02:34:20', '2023-03-11 02:34:20'),
(320, 7, 2, 1992, 1, '2023-03-11 02:34:20', '2023-03-11 02:34:20'),
(321, 7, 2, 1986, 1, '2023-03-11 02:34:20', '2023-03-11 02:34:20'),
(322, 7, 2, 1984, 1, '2023-03-11 02:34:20', '2023-03-11 02:34:20'),
(323, 7, 2, 1989, 1, '2023-03-11 02:34:20', '2023-03-11 02:34:20'),
(324, 7, 2, 1975, 1, '2023-03-11 02:34:20', '2023-03-11 02:34:20'),
(325, 7, 2, 1988, 1, '2023-03-11 02:34:20', '2023-03-11 02:34:20'),
(326, 7, 2, 1974, 1, '2023-03-11 02:34:20', '2023-03-11 02:34:20'),
(327, 7, 2, 1990, 1, '2023-03-11 02:34:20', '2023-03-11 02:34:20'),
(328, 7, 2, 1981, 1, '2023-03-11 02:34:20', '2023-03-11 02:34:20'),
(329, 7, 2, 1978, 1, '2023-03-11 02:34:20', '2023-03-11 02:34:20'),
(330, 7, 2, 1987, 1, '2023-03-11 02:34:20', '2023-03-11 02:34:20'),
(331, 7, 2, 1976, 1, '2023-03-11 02:34:20', '2023-03-11 02:34:20'),
(332, 7, 2, 1982, 1, '2023-03-11 02:34:20', '2023-03-11 02:34:20'),
(333, 7, 2, 1980, 1, '2023-03-11 02:34:20', '2023-03-11 02:34:20'),
(334, 6, 2, 1943, 0, '2023-03-11 02:34:36', '2023-03-11 02:34:36'),
(335, 6, 2, 1949, 1, '2023-03-11 02:34:36', '2023-03-11 02:34:36'),
(336, 6, 2, 1952, 1, '2023-03-11 02:34:36', '2023-03-11 02:34:36'),
(337, 6, 2, 1968, 1, '2023-03-11 02:34:36', '2023-03-11 02:34:36'),
(338, 6, 2, 1955, 1, '2023-03-11 02:34:36', '2023-03-11 02:34:36'),
(339, 6, 2, 1962, 1, '2023-03-11 02:34:36', '2023-03-11 02:34:36'),
(340, 6, 2, 1970, 1, '2023-03-11 02:34:36', '2023-03-11 02:34:36'),
(341, 6, 2, 1944, 0, '2023-03-11 02:34:36', '2023-03-11 02:34:36'),
(342, 6, 2, 1972, 1, '2023-03-11 02:34:36', '2023-03-11 02:34:36'),
(343, 6, 2, 1959, 1, '2023-03-11 02:34:36', '2023-03-11 02:34:36'),
(344, 6, 2, 1946, 1, '2023-03-11 02:34:36', '2023-03-11 02:34:36'),
(345, 6, 2, 1951, 1, '2023-03-11 02:34:36', '2023-03-11 02:34:36'),
(346, 6, 2, 1960, 1, '2023-03-11 02:34:36', '2023-03-11 02:34:36'),
(347, 6, 2, 1966, 1, '2023-03-11 02:34:36', '2023-03-11 02:34:36'),
(348, 6, 2, 1963, 1, '2023-03-11 02:34:36', '2023-03-11 02:34:36'),
(349, 6, 2, 1947, 1, '2023-03-11 02:34:36', '2023-03-11 02:34:36'),
(350, 6, 2, 1964, 1, '2023-03-11 02:34:36', '2023-03-11 02:34:36'),
(351, 6, 2, 1945, 1, '2023-03-11 02:34:36', '2023-03-11 02:34:36'),
(352, 6, 2, 1948, 1, '2023-03-11 02:34:36', '2023-03-11 02:34:36'),
(353, 6, 2, 1950, 1, '2023-03-11 02:34:36', '2023-03-11 02:34:36'),
(354, 6, 2, 1953, 1, '2023-03-11 02:34:36', '2023-03-11 02:34:36'),
(355, 6, 2, 1961, 1, '2023-03-11 02:34:36', '2023-03-11 02:34:36'),
(356, 6, 2, 1956, 1, '2023-03-11 02:34:36', '2023-03-11 02:34:36'),
(357, 6, 2, 1971, 1, '2023-03-11 02:34:36', '2023-03-11 02:34:36'),
(358, 6, 2, 1942, 0, '2023-03-11 02:34:36', '2023-03-11 02:34:36'),
(359, 6, 2, 1954, 1, '2023-03-11 02:34:36', '2023-03-11 02:34:36'),
(360, 6, 2, 1969, 1, '2023-03-11 02:34:36', '2023-03-11 02:34:36'),
(361, 6, 2, 1965, 1, '2023-03-11 02:34:36', '2023-03-11 02:34:36'),
(362, 6, 2, 1967, 1, '2023-03-11 02:34:36', '2023-03-11 02:34:36'),
(363, 6, 2, 1957, 1, '2023-03-11 02:34:36', '2023-03-11 02:34:36'),
(364, 6, 2, 1958, 1, '2023-03-11 02:34:36', '2023-03-11 02:34:36'),
(365, 8, 2, 2007, 1, '2023-03-11 02:35:02', '2023-03-11 02:35:02'),
(366, 8, 2, 2000, 1, '2023-03-11 02:35:02', '2023-03-11 02:35:02'),
(367, 8, 2, 1998, 1, '2023-03-11 02:35:02', '2023-03-11 02:35:02'),
(368, 8, 2, 2010, 1, '2023-03-11 02:35:02', '2023-03-11 02:35:02'),
(369, 8, 2, 2009, 0, '2023-03-11 02:35:02', '2023-03-11 02:35:02'),
(370, 8, 2, 2005, 1, '2023-03-11 02:35:02', '2023-03-11 02:35:02'),
(371, 8, 2, 1995, 1, '2023-03-11 02:35:02', '2023-03-11 02:35:02'),
(372, 8, 2, 1993, 1, '2023-03-11 02:35:02', '2023-03-11 02:35:02'),
(373, 8, 2, 2003, 1, '2023-03-11 02:35:02', '2023-03-11 02:35:02'),
(374, 8, 2, 1996, 1, '2023-03-11 02:35:02', '2023-03-11 02:35:02'),
(375, 8, 2, 2006, 0, '2023-03-11 02:35:02', '2023-03-11 02:35:02'),
(376, 8, 2, 2015, 1, '2023-03-11 02:35:02', '2023-03-11 02:35:02'),
(377, 8, 2, 2001, 0, '2023-03-11 02:35:02', '2023-03-11 02:35:02'),
(378, 8, 2, 2004, 1, '2023-03-11 02:35:02', '2023-03-11 02:35:02'),
(379, 8, 2, 2013, 1, '2023-03-11 02:35:02', '2023-03-11 02:35:02'),
(380, 8, 2, 1997, 1, '2023-03-11 02:35:02', '2023-03-11 02:35:02'),
(381, 8, 2, 1994, 1, '2023-03-11 02:35:02', '2023-03-11 02:35:02'),
(382, 8, 2, 2011, 1, '2023-03-11 02:35:02', '2023-03-11 02:35:02'),
(383, 8, 2, 1999, 0, '2023-03-11 02:35:02', '2023-03-11 02:35:02'),
(384, 8, 2, 2002, 1, '2023-03-11 02:35:02', '2023-03-11 02:35:02'),
(385, 8, 2, 2008, 1, '2023-03-11 02:35:02', '2023-03-11 02:35:02'),
(386, 8, 2, 2012, 1, '2023-03-11 02:35:02', '2023-03-11 02:35:02'),
(387, 4, 2, 1888, 1, '2023-03-11 02:35:25', '2023-03-11 02:35:25'),
(388, 4, 2, 1906, 1, '2023-03-11 02:35:25', '2023-03-11 02:35:25'),
(389, 4, 2, 1895, 1, '2023-03-11 02:35:25', '2023-03-11 02:35:25'),
(390, 4, 2, 1902, 1, '2023-03-11 02:35:25', '2023-03-11 02:35:25'),
(391, 4, 2, 1890, 1, '2023-03-11 02:35:25', '2023-03-11 02:35:25'),
(392, 4, 2, 1908, 1, '2023-03-11 02:35:25', '2023-03-11 02:35:25'),
(393, 4, 2, 1900, 1, '2023-03-11 02:35:25', '2023-03-11 02:35:25'),
(394, 4, 2, 1898, 1, '2023-03-11 02:35:25', '2023-03-11 02:35:25'),
(395, 4, 2, 1904, 1, '2023-03-11 02:35:25', '2023-03-11 02:35:25'),
(396, 4, 2, 1892, 1, '2023-03-11 02:35:25', '2023-03-11 02:35:25'),
(397, 4, 2, 1903, 1, '2023-03-11 02:35:25', '2023-03-11 02:35:25'),
(398, 4, 2, 1901, 1, '2023-03-11 02:35:25', '2023-03-11 02:35:25'),
(399, 4, 2, 1891, 1, '2023-03-11 02:35:25', '2023-03-11 02:35:25'),
(400, 4, 2, 1899, 1, '2023-03-11 02:35:25', '2023-03-11 02:35:25'),
(401, 4, 2, 1893, 1, '2023-03-11 02:35:25', '2023-03-11 02:35:25'),
(402, 4, 2, 1914, 1, '2023-03-11 02:35:25', '2023-03-11 02:35:25'),
(403, 4, 2, 1917, 0, '2023-03-11 02:35:25', '2023-03-11 02:35:25'),
(404, 4, 2, 1916, 1, '2023-03-11 02:35:26', '2023-03-11 02:35:26'),
(405, 4, 2, 1886, 1, '2023-03-11 02:35:26', '2023-03-11 02:35:26'),
(406, 4, 2, 1910, 1, '2023-03-11 02:35:26', '2023-03-11 02:35:26'),
(407, 4, 2, 1887, 1, '2023-03-11 02:35:26', '2023-03-11 02:35:26'),
(408, 4, 2, 1911, 1, '2023-03-11 02:35:26', '2023-03-11 02:35:26'),
(409, 4, 2, 1897, 1, '2023-03-11 02:35:26', '2023-03-11 02:35:26'),
(410, 4, 2, 1889, 0, '2023-03-11 02:35:26', '2023-03-11 02:35:26'),
(411, 4, 2, 1915, 0, '2023-03-11 02:35:26', '2023-03-11 02:35:26'),
(412, 4, 2, 1913, 0, '2023-03-11 02:35:26', '2023-03-11 02:35:26'),
(413, 4, 2, 1909, 0, '2023-03-11 02:35:26', '2023-03-11 02:35:26'),
(414, 4, 2, 1907, 1, '2023-03-11 02:35:26', '2023-03-11 02:35:26'),
(415, 4, 2, 1905, 1, '2023-03-11 02:35:26', '2023-03-11 02:35:26'),
(416, 4, 2, 1896, 1, '2023-03-11 02:35:26', '2023-03-11 02:35:26'),
(417, 4, 2, 1912, 0, '2023-03-11 02:35:26', '2023-03-11 02:35:26'),
(418, 4, 2, 1894, 1, '2023-03-11 02:35:26', '2023-03-11 02:35:26');

-- --------------------------------------------------------

--
-- Estrutura da tabela `joga_em`
--

CREATE TABLE `joga_em` (
  `id` bigint(20) UNSIGNED NOT NULL,
  `id_jogador` bigint(20) UNSIGNED NOT NULL,
  `id_time` bigint(20) UNSIGNED NOT NULL,
  `Eexcluido` tinyint(4) NOT NULL,
  `created_at` timestamp NOT NULL DEFAULT current_timestamp(),
  `updated_at` timestamp NOT NULL DEFAULT current_timestamp()
) ENGINE=InnoDB DEFAULT CHARSET=utf8mb4 COLLATE=utf8mb4_unicode_ci;

--
-- Extraindo dados da tabela `joga_em`
--

INSERT INTO `joga_em` (`id`, `id_jogador`, `id_time`, `Eexcluido`, `created_at`, `updated_at`) VALUES
(1, 1, 1, 0, '2023-03-11 00:12:52', '2023-03-11 00:12:52'),
(2, 2, 1, 0, '2023-03-11 00:12:52', '2023-03-11 00:12:52'),
(3, 1512, 1, 0, '2023-03-11 00:12:52', '2023-03-11 00:12:52'),
(4, 1513, 1, 0, '2023-03-11 00:12:52', '2023-03-11 00:12:52'),
(5, 1514, 1, 0, '2023-03-11 00:12:52', '2023-03-11 00:12:52'),
(6, 1515, 1, 0, '2023-03-11 00:12:52', '2023-03-11 00:12:52'),
(7, 1516, 1, 0, '2023-03-11 00:12:52', '2023-03-11 00:12:52'),
(8, 1517, 1, 0, '2023-03-11 00:12:52', '2023-03-11 00:12:52'),
(9, 1518, 1, 0, '2023-03-11 00:12:52', '2023-03-11 00:12:52'),
(10, 1519, 1, 0, '2023-03-11 00:12:52', '2023-03-11 00:12:52'),
(11, 1520, 1, 0, '2023-03-11 00:12:52', '2023-03-11 00:12:52'),
(12, 1521, 1, 0, '2023-03-11 00:12:52', '2023-03-11 00:12:52'),
(13, 1522, 1, 0, '2023-03-11 00:12:52', '2023-03-11 00:12:52'),
(14, 1523, 1, 0, '2023-03-11 00:12:53', '2023-03-11 00:12:53'),
(15, 1524, 1, 0, '2023-03-11 00:12:53', '2023-03-11 00:12:53'),
(16, 1525, 1, 0, '2023-03-11 00:12:53', '2023-03-11 00:12:53'),
(17, 1526, 1, 0, '2023-03-11 00:12:53', '2023-03-11 00:12:53'),
(18, 1527, 1, 0, '2023-03-11 00:12:53', '2023-03-11 00:12:53'),
(19, 1528, 1, 0, '2023-03-11 00:12:53', '2023-03-11 00:12:53'),
(20, 1529, 1, 0, '2023-03-11 00:12:53', '2023-03-11 00:12:53'),
(21, 1530, 1, 1, '2023-03-11 00:12:53', '2023-03-11 04:05:43'),
(22, 1561, 2, 0, '2023-03-11 00:13:19', '2023-03-11 00:13:19'),
(23, 1562, 2, 0, '2023-03-11 00:13:19', '2023-03-11 00:13:19'),
(24, 1563, 2, 0, '2023-03-11 00:13:19', '2023-03-11 00:13:19'),
(25, 1564, 2, 0, '2023-03-11 00:13:19', '2023-03-11 00:13:19'),
(26, 1565, 2, 0, '2023-03-11 00:13:19', '2023-03-11 00:13:19'),
(27, 1566, 2, 0, '2023-03-11 00:13:19', '2023-03-11 00:13:19'),
(28, 1567, 2, 0, '2023-03-11 00:13:19', '2023-03-11 00:13:19'),
(29, 1568, 2, 0, '2023-03-11 00:13:19', '2023-03-11 00:13:19'),
(30, 1569, 2, 0, '2023-03-11 00:13:19', '2023-03-11 00:13:19'),
(31, 1570, 2, 0, '2023-03-11 00:13:19', '2023-03-11 00:13:19'),
(32, 1571, 2, 0, '2023-03-11 00:13:19', '2023-03-11 00:13:19'),
(33, 1572, 2, 0, '2023-03-11 00:13:19', '2023-03-11 00:13:19'),
(34, 1573, 2, 0, '2023-03-11 00:13:19', '2023-03-11 00:13:19'),
(35, 1574, 2, 0, '2023-03-11 00:13:19', '2023-03-11 00:13:19'),
(36, 1575, 2, 0, '2023-03-11 00:13:19', '2023-03-11 00:13:19'),
(37, 1576, 2, 0, '2023-03-11 00:13:19', '2023-03-11 00:13:19'),
(38, 1577, 2, 0, '2023-03-11 00:13:19', '2023-03-11 00:13:19'),
(39, 1578, 2, 0, '2023-03-11 00:13:19', '2023-03-11 00:13:19'),
(40, 1579, 2, 0, '2023-03-11 00:13:19', '2023-03-11 00:13:19'),
(41, 1580, 2, 0, '2023-03-11 00:13:19', '2023-03-11 00:13:19'),
(42, 1581, 2, 0, '2023-03-11 00:13:19', '2023-03-11 00:13:19'),
(43, 1582, 2, 0, '2023-03-11 00:13:19', '2023-03-11 00:13:19'),
(44, 1583, 2, 0, '2023-03-11 00:13:19', '2023-03-11 00:13:19'),
(45, 1584, 2, 0, '2023-03-11 00:13:19', '2023-03-11 00:13:19'),
(46, 1585, 2, 0, '2023-03-11 00:13:19', '2023-03-11 00:13:19'),
(47, 1586, 2, 0, '2023-03-11 00:13:19', '2023-03-11 00:13:19'),
(48, 1587, 2, 0, '2023-03-11 00:13:19', '2023-03-11 00:13:19'),
(49, 1588, 2, 0, '2023-03-11 00:13:19', '2023-03-11 00:13:19'),
(50, 1589, 2, 0, '2023-03-11 00:13:19', '2023-03-11 00:13:19'),
(51, 1590, 2, 0, '2023-03-11 00:13:19', '2023-03-11 00:13:19'),
(52, 1591, 2, 0, '2023-03-11 00:13:19', '2023-03-11 00:13:19'),
(53, 1592, 2, 0, '2023-03-11 00:13:19', '2023-03-11 00:13:19'),
(54, 1593, 2, 0, '2023-03-11 00:13:19', '2023-03-11 00:13:19'),
(55, 1594, 2, 0, '2023-03-11 00:13:19', '2023-03-11 00:13:19'),
(56, 1595, 2, 0, '2023-03-11 00:13:19', '2023-03-11 00:13:19'),
(57, 1596, 2, 0, '2023-03-11 00:13:19', '2023-03-11 00:13:19'),
(58, 1520, 3, 0, '2023-03-11 00:14:01', '2023-03-11 00:14:01'),
(59, 1521, 3, 0, '2023-03-11 00:14:01', '2023-03-11 00:14:01'),
(60, 1522, 3, 0, '2023-03-11 00:14:01', '2023-03-11 00:14:01'),
(61, 1627, 3, 0, '2023-03-11 00:14:01', '2023-03-11 00:14:01'),
(62, 1628, 3, 0, '2023-03-11 00:14:01', '2023-03-11 00:14:01'),
(63, 1629, 3, 0, '2023-03-11 00:14:01', '2023-03-11 00:14:01'),
(64, 1630, 3, 0, '2023-03-11 00:14:01', '2023-03-11 00:14:01'),
(65, 1632, 3, 0, '2023-03-11 00:14:01', '2023-03-11 00:14:01'),
(66, 1633, 3, 0, '2023-03-11 00:14:01', '2023-03-11 00:14:01'),
(67, 1634, 3, 0, '2023-03-11 00:14:01', '2023-03-11 00:14:01'),
(68, 1635, 3, 0, '2023-03-11 00:14:01', '2023-03-11 00:14:01'),
(69, 1636, 3, 0, '2023-03-11 00:14:01', '2023-03-11 00:14:01'),
(70, 1639, 3, 0, '2023-03-11 00:14:01', '2023-03-11 00:14:01'),
(71, 1640, 3, 0, '2023-03-11 00:14:01', '2023-03-11 00:14:01'),
(72, 1641, 3, 0, '2023-03-11 00:14:01', '2023-03-11 00:14:01'),
(73, 1642, 3, 0, '2023-03-11 00:14:01', '2023-03-11 00:14:01'),
(74, 1644, 3, 0, '2023-03-11 00:14:01', '2023-03-11 00:14:01'),
(75, 1648, 3, 0, '2023-03-11 00:14:01', '2023-03-11 00:14:01'),
(76, 1652, 3, 0, '2023-03-11 00:14:01', '2023-03-11 00:14:01'),
(77, 1993, 8, 0, '2023-03-11 01:57:21', '2023-03-11 01:57:21'),
(78, 1994, 8, 0, '2023-03-11 01:57:21', '2023-03-11 01:57:21'),
(79, 1995, 8, 0, '2023-03-11 01:57:21', '2023-03-11 01:57:21'),
(80, 1996, 8, 0, '2023-03-11 01:57:21', '2023-03-11 01:57:21'),
(81, 1997, 8, 0, '2023-03-11 01:57:21', '2023-03-11 01:57:21'),
(82, 1998, 8, 0, '2023-03-11 01:57:21', '2023-03-11 01:57:21'),
(83, 1999, 8, 0, '2023-03-11 01:57:21', '2023-03-11 01:57:21'),
(84, 2000, 8, 0, '2023-03-11 01:57:21', '2023-03-11 01:57:21'),
(85, 2001, 8, 0, '2023-03-11 01:57:21', '2023-03-11 01:57:21'),
(86, 2002, 8, 0, '2023-03-11 01:57:21', '2023-03-11 01:57:21'),
(87, 2003, 8, 0, '2023-03-11 01:57:21', '2023-03-11 01:57:21'),
(88, 2004, 8, 0, '2023-03-11 01:57:21', '2023-03-11 01:57:21'),
(89, 2005, 8, 0, '2023-03-11 01:57:21', '2023-03-11 01:57:21'),
(90, 2006, 8, 0, '2023-03-11 01:57:21', '2023-03-11 01:57:21'),
(91, 2007, 8, 0, '2023-03-11 01:57:21', '2023-03-11 01:57:21'),
(92, 2008, 8, 0, '2023-03-11 01:57:21', '2023-03-11 01:57:21'),
(93, 2009, 8, 0, '2023-03-11 01:57:21', '2023-03-11 01:57:21'),
(94, 2010, 8, 0, '2023-03-11 01:57:21', '2023-03-11 01:57:21'),
(95, 2011, 8, 0, '2023-03-11 01:57:21', '2023-03-11 01:57:21'),
(96, 2012, 8, 0, '2023-03-11 01:57:21', '2023-03-11 01:57:21'),
(97, 2013, 8, 0, '2023-03-11 01:57:21', '2023-03-11 01:57:21'),
(98, 2015, 8, 0, '2023-03-11 01:57:21', '2023-03-11 01:57:21'),
(99, 1973, 7, 0, '2023-03-11 01:58:01', '2023-03-11 01:58:01'),
(100, 1974, 7, 0, '2023-03-11 01:58:01', '2023-03-11 01:58:01'),
(101, 1975, 7, 0, '2023-03-11 01:58:01', '2023-03-11 01:58:01'),
(102, 1976, 7, 0, '2023-03-11 01:58:01', '2023-03-11 01:58:01'),
(103, 1977, 7, 0, '2023-03-11 01:58:01', '2023-03-11 01:58:01'),
(104, 1978, 7, 0, '2023-03-11 01:58:01', '2023-03-11 01:58:01'),
(105, 1979, 7, 0, '2023-03-11 01:58:01', '2023-03-11 01:58:01'),
(106, 1980, 7, 0, '2023-03-11 01:58:01', '2023-03-11 01:58:01'),
(107, 1981, 7, 0, '2023-03-11 01:58:01', '2023-03-11 01:58:01'),
(108, 1982, 7, 0, '2023-03-11 01:58:01', '2023-03-11 01:58:01'),
(109, 1983, 7, 0, '2023-03-11 01:58:01', '2023-03-11 01:58:01'),
(110, 1984, 7, 0, '2023-03-11 01:58:01', '2023-03-11 01:58:01'),
(111, 1985, 7, 0, '2023-03-11 01:58:01', '2023-03-11 01:58:01'),
(112, 1986, 7, 0, '2023-03-11 01:58:01', '2023-03-11 01:58:01'),
(113, 1987, 7, 0, '2023-03-11 01:58:01', '2023-03-11 01:58:01'),
(114, 1988, 7, 0, '2023-03-11 01:58:01', '2023-03-11 01:58:01'),
(115, 1989, 7, 0, '2023-03-11 01:58:01', '2023-03-11 01:58:01'),
(116, 1990, 7, 0, '2023-03-11 01:58:01', '2023-03-11 01:58:01'),
(117, 1991, 7, 0, '2023-03-11 01:58:01', '2023-03-11 01:58:01'),
(118, 1992, 7, 0, '2023-03-11 01:58:01', '2023-03-11 01:58:01'),
(119, 1942, 6, 0, '2023-03-11 01:58:29', '2023-03-11 01:58:29'),
(120, 1943, 6, 0, '2023-03-11 01:58:29', '2023-03-11 01:58:29'),
(121, 1944, 6, 0, '2023-03-11 01:58:29', '2023-03-11 01:58:29'),
(122, 1945, 6, 0, '2023-03-11 01:58:29', '2023-03-11 01:58:29'),
(123, 1946, 6, 0, '2023-03-11 01:58:29', '2023-03-11 01:58:29'),
(124, 1947, 6, 0, '2023-03-11 01:58:29', '2023-03-11 01:58:29'),
(125, 1948, 6, 0, '2023-03-11 01:58:29', '2023-03-11 01:58:29'),
(126, 1949, 6, 0, '2023-03-11 01:58:29', '2023-03-11 01:58:29'),
(127, 1950, 6, 0, '2023-03-11 01:58:29', '2023-03-11 01:58:29'),
(128, 1951, 6, 0, '2023-03-11 01:58:29', '2023-03-11 01:58:29'),
(129, 1952, 6, 0, '2023-03-11 01:58:29', '2023-03-11 01:58:29'),
(130, 1953, 6, 0, '2023-03-11 01:58:29', '2023-03-11 01:58:29'),
(131, 1954, 6, 0, '2023-03-11 01:58:29', '2023-03-11 01:58:29'),
(132, 1955, 6, 0, '2023-03-11 01:58:29', '2023-03-11 01:58:29'),
(133, 1956, 6, 0, '2023-03-11 01:58:29', '2023-03-11 01:58:29'),
(134, 1957, 6, 0, '2023-03-11 01:58:29', '2023-03-11 01:58:29'),
(135, 1958, 6, 0, '2023-03-11 01:58:29', '2023-03-11 01:58:29'),
(136, 1959, 6, 0, '2023-03-11 01:58:29', '2023-03-11 01:58:29'),
(137, 1960, 6, 0, '2023-03-11 01:58:29', '2023-03-11 01:58:29'),
(138, 1961, 6, 0, '2023-03-11 01:58:29', '2023-03-11 01:58:29'),
(139, 1962, 6, 0, '2023-03-11 01:58:29', '2023-03-11 01:58:29'),
(140, 1963, 6, 0, '2023-03-11 01:58:29', '2023-03-11 01:58:29'),
(141, 1964, 6, 0, '2023-03-11 01:58:29', '2023-03-11 01:58:29'),
(142, 1965, 6, 0, '2023-03-11 01:58:29', '2023-03-11 01:58:29'),
(143, 1966, 6, 0, '2023-03-11 01:58:29', '2023-03-11 01:58:29'),
(144, 1967, 6, 0, '2023-03-11 01:58:29', '2023-03-11 01:58:29'),
(145, 1968, 6, 0, '2023-03-11 01:58:29', '2023-03-11 01:58:29'),
(146, 1969, 6, 0, '2023-03-11 01:58:29', '2023-03-11 01:58:29'),
(147, 1970, 6, 0, '2023-03-11 01:58:29', '2023-03-11 01:58:29'),
(148, 1971, 6, 0, '2023-03-11 01:58:29', '2023-03-11 01:58:29'),
(149, 1972, 6, 0, '2023-03-11 01:58:29', '2023-03-11 01:58:29'),
(150, 1917, 5, 0, '2023-03-11 01:59:03', '2023-03-11 01:59:03'),
(151, 1918, 5, 0, '2023-03-11 01:59:03', '2023-03-11 01:59:03'),
(152, 1919, 5, 0, '2023-03-11 01:59:03', '2023-03-11 01:59:03'),
(153, 1920, 5, 0, '2023-03-11 01:59:03', '2023-03-11 01:59:03'),
(154, 1921, 5, 0, '2023-03-11 01:59:03', '2023-03-11 01:59:03'),
(155, 1922, 5, 0, '2023-03-11 01:59:03', '2023-03-11 01:59:03'),
(156, 1923, 5, 0, '2023-03-11 01:59:03', '2023-03-11 01:59:03'),
(157, 1924, 5, 0, '2023-03-11 01:59:03', '2023-03-11 01:59:03'),
(158, 1925, 5, 0, '2023-03-11 01:59:03', '2023-03-11 01:59:03'),
(159, 1926, 5, 0, '2023-03-11 01:59:03', '2023-03-11 01:59:03'),
(160, 1927, 5, 0, '2023-03-11 01:59:03', '2023-03-11 01:59:03'),
(161, 1928, 5, 0, '2023-03-11 01:59:03', '2023-03-11 01:59:03'),
(162, 1929, 5, 0, '2023-03-11 01:59:03', '2023-03-11 01:59:03'),
(163, 1930, 5, 0, '2023-03-11 01:59:03', '2023-03-11 01:59:03'),
(164, 1931, 5, 0, '2023-03-11 01:59:03', '2023-03-11 01:59:03'),
(165, 1932, 5, 0, '2023-03-11 01:59:03', '2023-03-11 01:59:03'),
(166, 1933, 5, 0, '2023-03-11 01:59:03', '2023-03-11 01:59:03'),
(167, 1934, 5, 0, '2023-03-11 01:59:03', '2023-03-11 01:59:03'),
(168, 1935, 5, 0, '2023-03-11 01:59:03', '2023-03-11 01:59:03'),
(169, 1936, 5, 0, '2023-03-11 01:59:03', '2023-03-11 01:59:03'),
(170, 1937, 5, 0, '2023-03-11 01:59:03', '2023-03-11 01:59:03'),
(171, 1938, 5, 0, '2023-03-11 01:59:03', '2023-03-11 01:59:03'),
(172, 1939, 5, 0, '2023-03-11 01:59:03', '2023-03-11 01:59:03'),
(173, 1940, 5, 0, '2023-03-11 01:59:03', '2023-03-11 01:59:03'),
(174, 1941, 5, 0, '2023-03-11 01:59:03', '2023-03-11 01:59:03'),
(175, 1942, 5, 0, '2023-03-11 01:59:03', '2023-03-11 01:59:03'),
(176, 1943, 5, 0, '2023-03-11 01:59:03', '2023-03-11 01:59:03'),
(177, 1944, 5, 0, '2023-03-11 01:59:03', '2023-03-11 01:59:03'),
(178, 1886, 4, 0, '2023-03-11 01:59:33', '2023-03-11 01:59:33'),
(179, 1887, 4, 0, '2023-03-11 01:59:33', '2023-03-11 01:59:33'),
(180, 1888, 4, 0, '2023-03-11 01:59:33', '2023-03-11 01:59:33'),
(181, 1889, 4, 0, '2023-03-11 01:59:33', '2023-03-11 01:59:33'),
(182, 1890, 4, 0, '2023-03-11 01:59:33', '2023-03-11 01:59:33'),
(183, 1891, 4, 0, '2023-03-11 01:59:33', '2023-03-11 01:59:33'),
(184, 1892, 4, 0, '2023-03-11 01:59:33', '2023-03-11 01:59:33'),
(185, 1893, 4, 0, '2023-03-11 01:59:33', '2023-03-11 01:59:33'),
(186, 1894, 4, 0, '2023-03-11 01:59:33', '2023-03-11 01:59:33'),
(187, 1895, 4, 0, '2023-03-11 01:59:33', '2023-03-11 01:59:33'),
(188, 1896, 4, 0, '2023-03-11 01:59:33', '2023-03-11 01:59:33'),
(189, 1897, 4, 0, '2023-03-11 01:59:33', '2023-03-11 01:59:33'),
(190, 1898, 4, 0, '2023-03-11 01:59:33', '2023-03-11 01:59:33'),
(191, 1899, 4, 0, '2023-03-11 01:59:33', '2023-03-11 01:59:33'),
(192, 1900, 4, 0, '2023-03-11 01:59:33', '2023-03-11 01:59:33'),
(193, 1901, 4, 0, '2023-03-11 01:59:33', '2023-03-11 01:59:33'),
(194, 1902, 4, 0, '2023-03-11 01:59:33', '2023-03-11 01:59:33'),
(195, 1903, 4, 0, '2023-03-11 01:59:33', '2023-03-11 01:59:33'),
(196, 1904, 4, 0, '2023-03-11 01:59:33', '2023-03-11 01:59:33'),
(197, 1905, 4, 0, '2023-03-11 01:59:33', '2023-03-11 01:59:33'),
(198, 1906, 4, 0, '2023-03-11 01:59:33', '2023-03-11 01:59:33'),
(199, 1907, 4, 0, '2023-03-11 01:59:33', '2023-03-11 01:59:33'),
(200, 1908, 4, 0, '2023-03-11 01:59:33', '2023-03-11 01:59:33'),
(201, 1909, 4, 0, '2023-03-11 01:59:33', '2023-03-11 01:59:33'),
(202, 1910, 4, 0, '2023-03-11 01:59:33', '2023-03-11 01:59:33'),
(203, 1911, 4, 0, '2023-03-11 01:59:33', '2023-03-11 01:59:33'),
(204, 1912, 4, 0, '2023-03-11 01:59:33', '2023-03-11 01:59:33'),
(205, 1913, 4, 0, '2023-03-11 01:59:33', '2023-03-11 01:59:33'),
(206, 1914, 4, 0, '2023-03-11 01:59:33', '2023-03-11 01:59:33'),
(207, 1915, 4, 0, '2023-03-11 01:59:33', '2023-03-11 01:59:33'),
(208, 1916, 4, 0, '2023-03-11 01:59:33', '2023-03-11 01:59:33'),
(209, 1917, 4, 0, '2023-03-11 01:59:33', '2023-03-11 01:59:33'),
(210, 1700, 1, 0, '2023-03-11 04:23:20', '2023-03-11 04:23:20'),
(211, 1513, 2, 0, '2023-03-29 01:12:03', '2023-03-29 01:12:03'),
(212, 1526, 2, 0, '2023-03-29 01:12:03', '2023-03-29 01:12:03'),
(213, 1515, 2, 0, '2023-03-29 01:12:03', '2023-03-29 01:12:03'),
(214, 1959, 1, 0, '2023-04-01 20:11:06', '2023-04-01 20:11:06'),
(215, 1715, 1, 0, '2023-04-01 21:49:45', '2023-04-01 21:49:45');

-- --------------------------------------------------------

--
-- Estrutura da tabela `local`
--

CREATE TABLE `local` (
  `id` bigint(20) UNSIGNED NOT NULL,
  `nome` varchar(100) NOT NULL,
  `endereco` varchar(100) NOT NULL,
  `cidade` varchar(100) NOT NULL,
  `bairro` varchar(100) NOT NULL,
  `numero` varchar(4) NOT NULL,
  `complemento` varchar(255) DEFAULT NULL,
  `estado` varchar(255) DEFAULT NULL,
  `cep` varchar(9) NOT NULL,
  `created_at` timestamp NOT NULL DEFAULT current_timestamp(),
  `updated_at` timestamp NOT NULL DEFAULT current_timestamp(),
  `Eexcluido` tinyint(4) NOT NULL
) ENGINE=InnoDB DEFAULT CHARSET=utf8mb4 COLLATE=utf8mb4_unicode_ci;

--
-- Extraindo dados da tabela `local`
--

INSERT INTO `local` (`id`, `nome`, `endereco`, `cidade`, `bairro`, `numero`, `complemento`, `estado`, `cep`, `created_at`, `updated_at`, `Eexcluido`) VALUES
(1, 'Campo Quebra Pé', 'Rua X', 'Alvinopolis', 'Bairro', '35', 'complemento', 'ES', '35950-000', '2023-03-11 00:09:09', '2023-04-02 16:07:56', 0);

-- --------------------------------------------------------

--
-- Estrutura da tabela `migrations`
--

CREATE TABLE `migrations` (
  `id` int(10) UNSIGNED NOT NULL,
  `migration` varchar(255) NOT NULL,
  `batch` int(11) NOT NULL
) ENGINE=InnoDB DEFAULT CHARSET=utf8mb4 COLLATE=utf8mb4_unicode_ci;

--
-- Extraindo dados da tabela `migrations`
--

INSERT INTO `migrations` (`id`, `migration`, `batch`) VALUES
(1, '2014_10_12_000000_create_users_table', 1),
(2, '2014_10_12_100000_create_password_resets_table', 1),
(3, '2019_12_14_000001_create_personal_access_tokens_table', 1),
(4, '2022_07_31_182931_create_usuarios_table', 1),
(5, '2022_07_31_183205_create_times_table', 1),
(6, '2022_07_31_183303_create_joga_ems_table', 1),
(7, '2022_07_31_183338_create_jogadors_table', 1),
(8, '2022_08_01_210947_campeonato', 1),
(9, '2022_08_07_140158_times_partipante', 1),
(10, '2022_08_11_181323_local', 1),
(11, '2022_08_11_220626_add_id_local', 1),
(12, '2022_08_11_221054_add_id_jogador', 1),
(13, '2022_08_11_222720_add_e_excluido', 1),
(14, '2022_08_18_173253_jogadores_participantes', 1),
(15, '2022_09_13_215055_create_partidas', 1),
(16, '2022_09_20_184611_add_status_partida', 1),
(17, '2022_09_25_185421_create_acao', 1),
(18, '2022_09_25_185434_create_sumula', 1),
(19, '2022_09_25_190434_add_resultado_partida', 1),
(20, '2022_09_27_182759_add_id_campeonato', 1),
(21, '2022_11_13_194403_add_status_jogadores_participantes', 1),
(22, '2023_01_03_211418_create_permission_tables', 1),
(23, '2023_01_07_191030_add_campos_user', 1),
(24, '2023_01_12_205511_alter_times', 1),
(25, '2023_01_21_131019_grupos', 1),
(26, '2023_01_21_131033_time_participa_grupo', 1),
(27, '2023_01_23_213851_adiona_etapa_partida', 1),
(28, '2023_02_05_192248_adiona_id_gripo', 1),
(29, '2023_02_12_123833_adiciona_apelido_remove_email', 1),
(30, '2023_02_12_142002_altera_local', 1),
(31, '2023_02_12_143236_altera_c_e_p', 1),
(32, '2023_02_27_204229_arbitro', 1),
(33, '2023_03_04_192713_create_arquivos_table', 1),
(34, '2023_02_27_222420_adiciona_arbritagem_a_partida', 2),
(35, '2023_03_23_235355_tornar_email_nulo', 3),
(36, '2023_04_02_125500_adicionar_informacoes_locais', 4),
(37, '2023_04_02_130149_adicionar_informacoes_locais', 5);

-- --------------------------------------------------------

--
-- Estrutura da tabela `model_has_permissions`
--

CREATE TABLE `model_has_permissions` (
  `permission_id` bigint(20) UNSIGNED NOT NULL,
  `model_type` varchar(255) NOT NULL,
  `model_id` bigint(20) UNSIGNED NOT NULL
) ENGINE=InnoDB DEFAULT CHARSET=utf8mb4 COLLATE=utf8mb4_unicode_ci;

-- --------------------------------------------------------

--
-- Estrutura da tabela `model_has_roles`
--

CREATE TABLE `model_has_roles` (
  `role_id` bigint(20) UNSIGNED NOT NULL,
  `model_type` varchar(255) NOT NULL,
  `model_id` bigint(20) UNSIGNED NOT NULL
) ENGINE=InnoDB DEFAULT CHARSET=utf8mb4 COLLATE=utf8mb4_unicode_ci;

--
-- Extraindo dados da tabela `model_has_roles`
--

INSERT INTO `model_has_roles` (`role_id`, `model_type`, `model_id`) VALUES
(2, 'App\\Models\\User', 3),
(2, 'App\\Models\\User', 5),
(2, 'App\\Models\\User', 7),
(2, 'App\\Models\\User', 8),
(3, 'App\\Models\\User', 7),
(4, 'App\\Models\\User', 1);

-- --------------------------------------------------------

--
-- Estrutura da tabela `partidas`
--

CREATE TABLE `partidas` (
  `id` bigint(20) UNSIGNED NOT NULL,
  `id_campeonato` bigint(20) UNSIGNED NOT NULL,
  `id_time_casa` bigint(20) UNSIGNED NOT NULL,
  `id_time_visitante` bigint(20) UNSIGNED NOT NULL,
  `id_local` bigint(20) UNSIGNED NOT NULL,
  `status` smallint(6) NOT NULL,
  `dataHora` timestamp NOT NULL DEFAULT current_timestamp() ON UPDATE current_timestamp(),
  `id_grupo` tinyint(4) DEFAULT NULL,
  `etapa` tinyint(4) DEFAULT NULL,
  `gols_time_casa` smallint(6) DEFAULT NULL,
  `gols_time_visitante` smallint(6) DEFAULT NULL,
  `id_arbrito` int(11) DEFAULT NULL,
  `id_auxiliar1` int(11) DEFAULT NULL,
  `id_auxiliar2` int(11) DEFAULT NULL,
  `id_mesario` int(11) DEFAULT NULL,
  `created_at` timestamp NOT NULL DEFAULT current_timestamp(),
  `updated_at` timestamp NOT NULL DEFAULT current_timestamp()
) ENGINE=InnoDB DEFAULT CHARSET=utf8mb4 COLLATE=utf8mb4_unicode_ci;

--
-- Extraindo dados da tabela `partidas`
--

INSERT INTO `partidas` (`id`, `id_campeonato`, `id_time_casa`, `id_time_visitante`, `id_local`, `status`, `dataHora`, `id_grupo`, `etapa`, `gols_time_casa`, `gols_time_visitante`, `id_arbrito`, `id_auxiliar1`, `id_auxiliar2`, `id_mesario`, `created_at`, `updated_at`) VALUES
(1, 1, 1, 2, 1, 1, '2023-03-10 23:03:21', NULL, 0, 5, 0, 0, 0, 0, 0, '2023-03-11 00:20:52', '2023-03-11 02:03:21'),
(2, 1, 3, 4, 1, 1, '2023-03-10 23:02:57', NULL, 0, 1, 0, 0, 0, 0, 0, '2023-03-11 02:01:52', '2023-03-11 02:02:57'),
(3, 1, 5, 6, 1, 1, '2023-03-10 23:03:10', NULL, 0, 3, 2, 0, 0, 0, 0, '2023-03-11 02:02:18', '2023-03-11 02:03:10'),
(4, 1, 7, 8, 1, 1, '2023-03-10 23:03:38', NULL, 0, 3, 0, 0, 0, 0, 0, '2023-03-11 02:02:42', '2023-03-11 02:03:38'),
(5, 1, 1, 8, 1, 1, '2023-03-10 23:06:53', NULL, 0, 2, 3, 0, 0, 0, 0, '2023-03-11 02:04:33', '2023-03-11 02:06:53'),
(6, 1, 2, 7, 1, 1, '2023-03-10 23:06:38', NULL, 0, 0, 0, 0, 0, 0, 0, '2023-03-11 02:04:55', '2023-03-11 02:06:38'),
(7, 1, 3, 6, 1, 1, '2023-03-11 00:52:12', NULL, 0, 0, 1, 0, 0, 0, 0, '2023-03-11 02:05:22', '2023-03-11 03:52:12'),
(8, 1, 4, 5, 1, 1, '2023-03-10 23:07:06', NULL, 0, 2, 2, 0, 0, 0, 0, '2023-03-11 02:05:47', '2023-03-11 02:07:06'),
(9, 2, 3, 2, 1, 1, '2023-03-10 23:53:53', 1, 0, 2, 1, 0, 0, 0, 0, '2023-03-11 02:52:41', '2023-03-11 02:53:53'),
(10, 2, 5, 1, 1, 1, '2023-03-10 23:53:41', 1, 0, 0, 0, 0, 0, 0, 0, '2023-03-11 02:53:10', '2023-03-11 02:53:41'),
(11, 1, 2, 7, 1, 0, '2023-03-22 23:00:00', NULL, 0, NULL, NULL, 1, 2, 0, 0, '2023-03-23 00:24:30', '2023-03-23 00:24:30');

-- --------------------------------------------------------

--
-- Estrutura da tabela `password_resets`
--

CREATE TABLE `password_resets` (
  `email` varchar(255) NOT NULL,
  `token` varchar(255) NOT NULL,
  `created_at` timestamp NULL DEFAULT NULL
) ENGINE=InnoDB DEFAULT CHARSET=utf8mb4 COLLATE=utf8mb4_unicode_ci;

-- --------------------------------------------------------

--
-- Estrutura da tabela `permissions`
--

CREATE TABLE `permissions` (
  `id` bigint(20) UNSIGNED NOT NULL,
  `name` varchar(255) NOT NULL,
  `guard_name` varchar(255) NOT NULL,
  `created_at` timestamp NULL DEFAULT NULL,
  `updated_at` timestamp NULL DEFAULT NULL
) ENGINE=InnoDB DEFAULT CHARSET=utf8mb4 COLLATE=utf8mb4_unicode_ci;

-- --------------------------------------------------------

--
-- Estrutura da tabela `personal_access_tokens`
--

CREATE TABLE `personal_access_tokens` (
  `id` bigint(20) UNSIGNED NOT NULL,
  `tokenable_type` varchar(255) NOT NULL,
  `tokenable_id` bigint(20) UNSIGNED NOT NULL,
  `name` varchar(255) NOT NULL,
  `token` varchar(64) NOT NULL,
  `abilities` text DEFAULT NULL,
  `last_used_at` timestamp NULL DEFAULT NULL,
  `created_at` timestamp NULL DEFAULT NULL,
  `updated_at` timestamp NULL DEFAULT NULL
) ENGINE=InnoDB DEFAULT CHARSET=utf8mb4 COLLATE=utf8mb4_unicode_ci;

-- --------------------------------------------------------

--
-- Estrutura da tabela `roles`
--

CREATE TABLE `roles` (
  `id` bigint(20) UNSIGNED NOT NULL,
  `name` varchar(255) NOT NULL,
  `guard_name` varchar(255) NOT NULL,
  `created_at` timestamp NULL DEFAULT NULL,
  `updated_at` timestamp NULL DEFAULT NULL
) ENGINE=InnoDB DEFAULT CHARSET=utf8mb4 COLLATE=utf8mb4_unicode_ci;

--
-- Extraindo dados da tabela `roles`
--

INSERT INTO `roles` (`id`, `name`, `guard_name`, `created_at`, `updated_at`) VALUES
(1, 'Usuario', 'web', '2023-03-09 01:47:29', '2023-03-09 01:47:29'),
(2, 'AdminTime', 'web', '2023-03-09 01:47:29', '2023-03-09 01:47:29'),
(3, 'AdminCampeonato', 'web', '2023-03-09 01:47:29', '2023-03-09 01:47:29'),
(4, 'AdminGeral', 'web', '2023-03-09 01:47:29', '2023-03-09 01:47:29');

-- --------------------------------------------------------

--
-- Estrutura da tabela `role_has_permissions`
--

CREATE TABLE `role_has_permissions` (
  `permission_id` bigint(20) UNSIGNED NOT NULL,
  `role_id` bigint(20) UNSIGNED NOT NULL
) ENGINE=InnoDB DEFAULT CHARSET=utf8mb4 COLLATE=utf8mb4_unicode_ci;

-- --------------------------------------------------------

--
-- Estrutura da tabela `times`
--

CREATE TABLE `times` (
  `id` bigint(20) UNSIGNED NOT NULL,
  `id_usuario` bigint(20) UNSIGNED NOT NULL,
  `sigla` varchar(5) NOT NULL,
  `nome` varchar(100) NOT NULL,
  `Eexcluido` tinyint(4) NOT NULL,
  `endereco` varchar(100) NOT NULL,
  `cidade` varchar(100) NOT NULL,
  `bairro` varchar(100) NOT NULL,
  `complemento` varchar(100) DEFAULT NULL,
  `cep` varchar(9) NOT NULL,
  `estado` varchar(100) NOT NULL,
  `created_at` timestamp NOT NULL DEFAULT current_timestamp(),
  `updated_at` timestamp NOT NULL DEFAULT current_timestamp()
) ENGINE=InnoDB DEFAULT CHARSET=utf8mb4 COLLATE=utf8mb4_unicode_ci;

--
-- Extraindo dados da tabela `times`
--

INSERT INTO `times` (`id`, `id_usuario`, `sigla`, `nome`, `Eexcluido`, `endereco`, `cidade`, `bairro`, `complemento`, `cep`, `estado`, `created_at`, `updated_at`) VALUES
(1, 1, 'CRU', 'Cruzeiro', 0, 'Rua do Jean', 'Joao Monlevade', 'Bairro', NULL, '33333-333', 'Selecione', '2023-03-11 00:11:33', '2023-03-11 00:11:33'),
(2, 1, 'AMG', 'Atlético Mineiro', 0, 'Rua X', 'Alvinopolis', 'Bairro', NULL, '35950-000', 'Selecione', '2023-03-11 00:12:03', '2023-03-11 00:12:03'),
(3, 1, 'AMG', 'América Mineiro', 0, 'Rua C', 'Alvinopolis', 'Bairro', NULL, '35950-000', 'Selecione', '2023-03-11 00:12:36', '2023-03-11 00:12:36'),
(4, 1, 'VLN', 'Vila Nova', 0, 'Rua X', 'Alvinopolis', 'Bairro', NULL, '35950-000', 'MG', '2023-03-11 01:54:15', '2023-03-11 01:54:15'),
(5, 1, 'CDS', 'Caldense', 0, 'Rua', 'Joao Monlevade', 'Bairro', NULL, '33333-333', 'Selecione', '2023-03-11 01:54:58', '2023-03-11 01:54:58'),
(6, 1, 'IPG', 'Ipatinga', 0, 'Rua do Jean 25 complemento', 'Joao Monlevade', 'Bairro', NULL, '33333-333', 'Selecione', '2023-03-11 01:55:28', '2023-03-11 01:55:28'),
(7, 1, 'DMT', 'Democrata', 0, 'Rua X', 'Alvinopolis', 'Bairro', NULL, '35950-000', 'Selecione', '2023-03-11 01:56:00', '2023-03-11 01:56:00'),
(8, 1, 'PTC', 'Patrocinense', 0, 'Rua do Jean 25', 'Joao Monlevade', 'Bairro', NULL, '33333-333', 'Selecione', '2023-03-11 01:56:50', '2023-03-11 01:56:50'),
(9, 3, 'MTM', 'Meu Time', 0, 'Rua', 'Cidade', 'Bairro', 'Compl', '11111-111', 'MG', '2023-04-16 20:49:42', '2023-04-16 20:49:42');

-- --------------------------------------------------------

--
-- Estrutura da tabela `times_participantes`
--

CREATE TABLE `times_participantes` (
  `id` bigint(20) UNSIGNED NOT NULL,
  `id_time` bigint(20) UNSIGNED NOT NULL,
  `id_campeonato` bigint(20) UNSIGNED NOT NULL,
  `Eexcluido` int(11) NOT NULL,
  `created_at` timestamp NOT NULL DEFAULT current_timestamp(),
  `updated_at` timestamp NOT NULL DEFAULT current_timestamp()
) ENGINE=InnoDB DEFAULT CHARSET=utf8mb4 COLLATE=utf8mb4_unicode_ci;

--
-- Extraindo dados da tabela `times_participantes`
--

INSERT INTO `times_participantes` (`id`, `id_time`, `id_campeonato`, `Eexcluido`, `created_at`, `updated_at`) VALUES
(1, 1, 1, 0, '2023-03-11 00:16:00', '2023-03-11 00:16:00'),
(2, 2, 1, 0, '2023-03-11 00:16:41', '2023-03-11 00:16:41'),
(4, 4, 1, 0, '2023-03-11 02:00:05', '2023-03-11 02:00:05'),
(5, 5, 1, 0, '2023-03-11 02:00:24', '2023-03-11 02:00:24'),
(6, 6, 1, 0, '2023-03-11 02:00:41', '2023-03-11 02:00:41'),
(7, 7, 1, 0, '2023-03-11 02:01:00', '2023-03-11 02:01:00'),
(8, 8, 1, 0, '2023-03-11 02:01:20', '2023-03-11 02:01:20'),
(10, 2, 2, 0, '2023-03-11 02:33:28', '2023-03-11 02:33:28'),
(11, 5, 2, 0, '2023-03-11 02:33:48', '2023-03-11 02:33:48'),
(12, 1, 2, 0, '2023-03-11 02:34:04', '2023-03-11 02:34:04'),
(13, 7, 2, 0, '2023-03-11 02:34:20', '2023-03-11 02:34:20'),
(14, 6, 2, 0, '2023-03-11 02:34:36', '2023-03-11 02:34:36'),
(15, 8, 2, 0, '2023-03-11 02:35:02', '2023-03-11 02:35:02'),
(16, 4, 2, 0, '2023-03-11 02:35:26', '2023-03-11 02:35:26');

-- --------------------------------------------------------

--
-- Estrutura da tabela `time_participa_grupo`
--

CREATE TABLE `time_participa_grupo` (
  `id` bigint(20) UNSIGNED NOT NULL,
  `id_time` bigint(20) UNSIGNED NOT NULL,
  `id_campeonato` bigint(20) UNSIGNED NOT NULL,
  `Eexcluido` int(11) NOT NULL,
  `created_at` timestamp NOT NULL DEFAULT current_timestamp(),
  `updated_at` timestamp NOT NULL DEFAULT current_timestamp()
) ENGINE=InnoDB DEFAULT CHARSET=utf8mb4 COLLATE=utf8mb4_unicode_ci;

--
-- Extraindo dados da tabela `time_participa_grupo`
--

INSERT INTO `time_participa_grupo` (`id`, `id_time`, `id_campeonato`, `Eexcluido`, `created_at`, `updated_at`) VALUES
(1, 3, 1, 0, '2023-03-11 02:48:30', '2023-03-11 02:48:30'),
(2, 2, 1, 0, '2023-03-11 02:48:41', '2023-03-11 02:48:41'),
(3, 5, 1, 0, '2023-03-11 02:48:51', '2023-03-11 02:48:51'),
(4, 1, 1, 0, '2023-03-11 02:49:02', '2023-03-11 02:49:02'),
(5, 7, 2, 0, '2023-03-11 02:51:11', '2023-03-11 02:51:11'),
(6, 6, 2, 0, '2023-03-11 02:51:22', '2023-03-11 02:51:22'),
(7, 8, 2, 0, '2023-03-11 02:51:33', '2023-03-11 02:51:33'),
(8, 4, 2, 0, '2023-03-11 02:51:43', '2023-03-11 02:51:43');

-- --------------------------------------------------------

--
-- Estrutura da tabela `users`
--

CREATE TABLE `users` (
  `id` bigint(20) UNSIGNED NOT NULL,
  `cpf` varchar(14) NOT NULL,
  `name` varchar(255) NOT NULL,
  `telefone` varchar(20) DEFAULT NULL,
  `email` varchar(255) DEFAULT NULL,
  `tipo` tinyint(4) NOT NULL,
  `email_verified_at` timestamp NULL DEFAULT NULL,
  `password` varchar(255) NOT NULL,
  `remember_token` varchar(100) DEFAULT NULL,
  `created_at` timestamp NULL DEFAULT NULL,
  `updated_at` timestamp NULL DEFAULT NULL
) ENGINE=InnoDB DEFAULT CHARSET=utf8mb4 COLLATE=utf8mb4_unicode_ci;

--
-- Extraindo dados da tabela `users`
--

INSERT INTO `users` (`id`, `cpf`, `name`, `telefone`, `email`, `tipo`, `email_verified_at`, `password`, `remember_token`, `created_at`, `updated_at`) VALUES
(1, '12345678950', 'ADM', '(31) 99898-1116', 'adm@mail.com', 4, NULL, '$2y$10$mOSWvyp8T0YigITJghbD7eDjdeeAa70909mA3jMu7E33WpsS79aPS', NULL, '2023-03-09 01:47:35', '2023-03-09 01:47:35'),
(2, '123', 'senha', NULL, 'senha@mail', 1, NULL, '$2y$10$cP4Q9x7nZVuXF1108encBuKZCVEsqJdhj4dqCW.pl7mSjC7QImyOq', NULL, '2023-03-24 01:15:28', '2023-03-24 01:15:28'),
(3, '123.456.333-33', 'junior', NULL, 'junior@mail.com', 1, NULL, '$2y$10$DAED.XU5uWOMsF37d2feCuzKynrUgMF2W3yuzdOClLMlRRnKsLbKC', NULL, '2023-03-24 01:18:17', '2023-03-24 01:18:17'),
(4, '123.452.111-11', 'Janine', NULL, 'janine@mail', 1, NULL, '$2y$10$aMyPy1XxieFIqEzzWXbwHOMYPTGd3u/c6aPSkvIL46gB.olndRrRi', NULL, '2023-03-24 02:51:54', '2023-03-24 02:51:54'),
(5, '789.456.122-22', 'Jean', '(31) 98242-5478', NULL, 1, NULL, '$2y$10$MqgqvAhz4ttBEprl3/QAmecUsiMIUL4ScXSnSaNm.9AmVZNOl1fUC', NULL, '2023-03-24 02:56:32', '2023-03-24 02:56:32'),
(6, '789.456.122-24', 'Theo', '(31) 98242-5479', NULL, 1, NULL, '$2y$10$iAotJVNDRhjXJRXPZdOGR.Mww3gDnCzfHpFRULM6/ThWnjFhEqnai', NULL, '2023-03-24 02:58:04', '2023-03-24 02:58:04'),
(7, '123.587.444-44', 'Janio', NULL, 'janio@mail.com', 1, NULL, '$2y$10$Wy4XeuC88y8dI/VUAJvOde4ZWUMgGK0IzVSdqR6Sess/Cx5wDqxUO', NULL, '2023-03-24 02:59:04', '2023-03-24 02:59:04'),
(8, '147.777.777-77', 'Veronica', NULL, 'veronica@mail.com', 1, NULL, '$2y$10$Sl2BsBs09YDkGHPJfCgUpuzm31UPSu0VpNd5l8rjges5f.IdpC7ee', NULL, '2023-03-24 03:07:21', '2023-03-24 03:07:21');

-- --------------------------------------------------------

--
-- Estrutura da tabela `usuarios`
--

CREATE TABLE `usuarios` (
  `id` bigint(20) UNSIGNED NOT NULL,
  `cpf` varchar(14) NOT NULL,
  `nome` varchar(100) NOT NULL,
  `telefone` varchar(20) NOT NULL,
  `email` varchar(100) NOT NULL,
  `tipo` varchar(2) NOT NULL,
  `senha` varchar(255) NOT NULL,
  `created_at` timestamp NOT NULL DEFAULT current_timestamp(),
  `updated_at` timestamp NOT NULL DEFAULT current_timestamp()
) ENGINE=InnoDB DEFAULT CHARSET=utf8mb4 COLLATE=utf8mb4_unicode_ci;

--
-- Índices para tabelas despejadas
--

--
-- Índices para tabela `arbitro`
--
ALTER TABLE `arbitro`
  ADD PRIMARY KEY (`id`),
  ADD UNIQUE KEY `arbitro_cpf_unique` (`cpf`);

--
-- Índices para tabela `arquivos`
--
ALTER TABLE `arquivos`
  ADD PRIMARY KEY (`id`),
  ADD KEY `arquivos_id_partida_foreign` (`id_partida`);

--
-- Índices para tabela `campeonatos`
--
ALTER TABLE `campeonatos`
  ADD PRIMARY KEY (`id`);

--
-- Índices para tabela `grupos`
--
ALTER TABLE `grupos`
  ADD PRIMARY KEY (`id`),
  ADD KEY `grupos_id_campeonato_foreign` (`id_campeonato`);

--
-- Índices para tabela `jogadores`
--
ALTER TABLE `jogadores`
  ADD PRIMARY KEY (`id`),
  ADD UNIQUE KEY `jogadores_cpf_unique` (`cpf`);

--
-- Índices para tabela `jogadores_participantes`
--
ALTER TABLE `jogadores_participantes`
  ADD PRIMARY KEY (`id`),
  ADD KEY `jogadores_participantes_id_time_foreign` (`id_time`),
  ADD KEY `jogadores_participantes_id_campeonato_foreign` (`id_campeonato`),
  ADD KEY `jogadores_participantes_id_jogador_foreign` (`id_jogador`);

--
-- Índices para tabela `joga_em`
--
ALTER TABLE `joga_em`
  ADD PRIMARY KEY (`id`),
  ADD KEY `joga_em_id_time_foreign` (`id_time`),
  ADD KEY `joga_em_id_jogador_foreign` (`id_jogador`);

--
-- Índices para tabela `local`
--
ALTER TABLE `local`
  ADD PRIMARY KEY (`id`);

--
-- Índices para tabela `migrations`
--
ALTER TABLE `migrations`
  ADD PRIMARY KEY (`id`);

--
-- Índices para tabela `model_has_permissions`
--
ALTER TABLE `model_has_permissions`
  ADD PRIMARY KEY (`permission_id`,`model_id`,`model_type`),
  ADD KEY `model_has_permissions_model_id_model_type_index` (`model_id`,`model_type`);

--
-- Índices para tabela `model_has_roles`
--
ALTER TABLE `model_has_roles`
  ADD PRIMARY KEY (`role_id`,`model_id`,`model_type`),
  ADD KEY `model_has_roles_model_id_model_type_index` (`model_id`,`model_type`);

--
-- Índices para tabela `partidas`
--
ALTER TABLE `partidas`
  ADD PRIMARY KEY (`id`),
  ADD KEY `partidas_id_time_casa_foreign` (`id_time_casa`),
  ADD KEY `partidas_id_time_visitante_foreign` (`id_time_visitante`),
  ADD KEY `partidas_id_local_foreign` (`id_local`),
  ADD KEY `partidas_id_campeonato_foreign` (`id_campeonato`);

--
-- Índices para tabela `password_resets`
--
ALTER TABLE `password_resets`
  ADD KEY `password_resets_email_index` (`email`);

--
-- Índices para tabela `permissions`
--
ALTER TABLE `permissions`
  ADD PRIMARY KEY (`id`),
  ADD UNIQUE KEY `permissions_name_guard_name_unique` (`name`,`guard_name`);

--
-- Índices para tabela `personal_access_tokens`
--
ALTER TABLE `personal_access_tokens`
  ADD PRIMARY KEY (`id`),
  ADD UNIQUE KEY `personal_access_tokens_token_unique` (`token`),
  ADD KEY `personal_access_tokens_tokenable_type_tokenable_id_index` (`tokenable_type`,`tokenable_id`);

--
-- Índices para tabela `roles`
--
ALTER TABLE `roles`
  ADD PRIMARY KEY (`id`),
  ADD UNIQUE KEY `roles_name_guard_name_unique` (`name`,`guard_name`);

--
-- Índices para tabela `role_has_permissions`
--
ALTER TABLE `role_has_permissions`
  ADD PRIMARY KEY (`permission_id`,`role_id`),
  ADD KEY `role_has_permissions_role_id_foreign` (`role_id`);

--
-- Índices para tabela `times`
--
ALTER TABLE `times`
  ADD PRIMARY KEY (`id`),
  ADD KEY `times_id_usuario_foreign` (`id_usuario`);

--
-- Índices para tabela `times_participantes`
--
ALTER TABLE `times_participantes`
  ADD PRIMARY KEY (`id`),
  ADD KEY `times_participantes_id_time_foreign` (`id_time`),
  ADD KEY `times_participantes_id_campeonato_foreign` (`id_campeonato`);

--
-- Índices para tabela `time_participa_grupo`
--
ALTER TABLE `time_participa_grupo`
  ADD PRIMARY KEY (`id`),
  ADD KEY `time_participa_grupo_id_time_foreign` (`id_time`),
  ADD KEY `time_participa_grupo_id_campeonato_foreign` (`id_campeonato`);

--
-- Índices para tabela `users`
--
ALTER TABLE `users`
  ADD PRIMARY KEY (`id`),
  ADD UNIQUE KEY `users_email_unique` (`email`),
  ADD UNIQUE KEY `users_cpf_unique` (`cpf`),
  ADD UNIQUE KEY `users_telefone_unique` (`telefone`);

--
-- Índices para tabela `usuarios`
--
ALTER TABLE `usuarios`
  ADD PRIMARY KEY (`id`),
  ADD UNIQUE KEY `usuarios_cpf_unique` (`cpf`);

--
-- AUTO_INCREMENT de tabelas despejadas
--

--
-- AUTO_INCREMENT de tabela `arbitro`
--
ALTER TABLE `arbitro`
  MODIFY `id` bigint(20) UNSIGNED NOT NULL AUTO_INCREMENT, AUTO_INCREMENT=3;

--
-- AUTO_INCREMENT de tabela `arquivos`
--
ALTER TABLE `arquivos`
  MODIFY `id` bigint(20) UNSIGNED NOT NULL AUTO_INCREMENT, AUTO_INCREMENT=5;

--
-- AUTO_INCREMENT de tabela `campeonatos`
--
ALTER TABLE `campeonatos`
  MODIFY `id` bigint(20) UNSIGNED NOT NULL AUTO_INCREMENT, AUTO_INCREMENT=6;

--
-- AUTO_INCREMENT de tabela `grupos`
--
ALTER TABLE `grupos`
  MODIFY `id` bigint(20) UNSIGNED NOT NULL AUTO_INCREMENT, AUTO_INCREMENT=4;

--
-- AUTO_INCREMENT de tabela `jogadores`
--
ALTER TABLE `jogadores`
  MODIFY `id` bigint(20) UNSIGNED NOT NULL AUTO_INCREMENT, AUTO_INCREMENT=2019;

--
-- AUTO_INCREMENT de tabela `jogadores_participantes`
--
ALTER TABLE `jogadores_participantes`
  MODIFY `id` bigint(20) UNSIGNED NOT NULL AUTO_INCREMENT, AUTO_INCREMENT=438;

--
-- AUTO_INCREMENT de tabela `joga_em`
--
ALTER TABLE `joga_em`
  MODIFY `id` bigint(20) UNSIGNED NOT NULL AUTO_INCREMENT, AUTO_INCREMENT=216;

--
-- AUTO_INCREMENT de tabela `local`
--
ALTER TABLE `local`
  MODIFY `id` bigint(20) UNSIGNED NOT NULL AUTO_INCREMENT, AUTO_INCREMENT=2;

--
-- AUTO_INCREMENT de tabela `migrations`
--
ALTER TABLE `migrations`
  MODIFY `id` int(10) UNSIGNED NOT NULL AUTO_INCREMENT, AUTO_INCREMENT=38;

--
-- AUTO_INCREMENT de tabela `partidas`
--
ALTER TABLE `partidas`
  MODIFY `id` bigint(20) UNSIGNED NOT NULL AUTO_INCREMENT, AUTO_INCREMENT=12;

--
-- AUTO_INCREMENT de tabela `permissions`
--
ALTER TABLE `permissions`
  MODIFY `id` bigint(20) UNSIGNED NOT NULL AUTO_INCREMENT;

--
-- AUTO_INCREMENT de tabela `personal_access_tokens`
--
ALTER TABLE `personal_access_tokens`
  MODIFY `id` bigint(20) UNSIGNED NOT NULL AUTO_INCREMENT;

--
-- AUTO_INCREMENT de tabela `roles`
--
ALTER TABLE `roles`
  MODIFY `id` bigint(20) UNSIGNED NOT NULL AUTO_INCREMENT, AUTO_INCREMENT=5;

--
-- AUTO_INCREMENT de tabela `times`
--
ALTER TABLE `times`
  MODIFY `id` bigint(20) UNSIGNED NOT NULL AUTO_INCREMENT, AUTO_INCREMENT=10;

--
-- AUTO_INCREMENT de tabela `times_participantes`
--
ALTER TABLE `times_participantes`
  MODIFY `id` bigint(20) UNSIGNED NOT NULL AUTO_INCREMENT, AUTO_INCREMENT=18;

--
-- AUTO_INCREMENT de tabela `time_participa_grupo`
--
ALTER TABLE `time_participa_grupo`
  MODIFY `id` bigint(20) UNSIGNED NOT NULL AUTO_INCREMENT, AUTO_INCREMENT=9;

--
-- AUTO_INCREMENT de tabela `users`
--
ALTER TABLE `users`
  MODIFY `id` bigint(20) UNSIGNED NOT NULL AUTO_INCREMENT, AUTO_INCREMENT=9;

--
-- AUTO_INCREMENT de tabela `usuarios`
--
ALTER TABLE `usuarios`
  MODIFY `id` bigint(20) UNSIGNED NOT NULL AUTO_INCREMENT;

--
-- Restrições para despejos de tabelas
--

--
-- Limitadores para a tabela `arquivos`
--
ALTER TABLE `arquivos`
  ADD CONSTRAINT `arquivos_id_partida_foreign` FOREIGN KEY (`id_partida`) REFERENCES `partidas` (`id`);

--
-- Limitadores para a tabela `grupos`
--
ALTER TABLE `grupos`
  ADD CONSTRAINT `grupos_id_campeonato_foreign` FOREIGN KEY (`id_campeonato`) REFERENCES `campeonatos` (`id`);

--
-- Limitadores para a tabela `jogadores_participantes`
--
ALTER TABLE `jogadores_participantes`
  ADD CONSTRAINT `jogadores_participantes_id_campeonato_foreign` FOREIGN KEY (`id_campeonato`) REFERENCES `campeonatos` (`id`),
  ADD CONSTRAINT `jogadores_participantes_id_jogador_foreign` FOREIGN KEY (`id_jogador`) REFERENCES `jogadores` (`id`),
  ADD CONSTRAINT `jogadores_participantes_id_time_foreign` FOREIGN KEY (`id_time`) REFERENCES `times` (`id`);

--
-- Limitadores para a tabela `joga_em`
--
ALTER TABLE `joga_em`
  ADD CONSTRAINT `joga_em_id_jogador_foreign` FOREIGN KEY (`id_jogador`) REFERENCES `jogadores` (`id`),
  ADD CONSTRAINT `joga_em_id_time_foreign` FOREIGN KEY (`id_time`) REFERENCES `times` (`id`);

--
-- Limitadores para a tabela `model_has_permissions`
--
ALTER TABLE `model_has_permissions`
  ADD CONSTRAINT `model_has_permissions_permission_id_foreign` FOREIGN KEY (`permission_id`) REFERENCES `permissions` (`id`) ON DELETE CASCADE;

--
-- Limitadores para a tabela `model_has_roles`
--
ALTER TABLE `model_has_roles`
  ADD CONSTRAINT `model_has_roles_role_id_foreign` FOREIGN KEY (`role_id`) REFERENCES `roles` (`id`) ON DELETE CASCADE;

--
-- Limitadores para a tabela `partidas`
--
ALTER TABLE `partidas`
  ADD CONSTRAINT `partidas_id_campeonato_foreign` FOREIGN KEY (`id_campeonato`) REFERENCES `campeonatos` (`id`),
  ADD CONSTRAINT `partidas_id_local_foreign` FOREIGN KEY (`id_local`) REFERENCES `local` (`id`),
  ADD CONSTRAINT `partidas_id_time_casa_foreign` FOREIGN KEY (`id_time_casa`) REFERENCES `times` (`id`),
  ADD CONSTRAINT `partidas_id_time_visitante_foreign` FOREIGN KEY (`id_time_visitante`) REFERENCES `times` (`id`);

--
-- Limitadores para a tabela `role_has_permissions`
--
ALTER TABLE `role_has_permissions`
  ADD CONSTRAINT `role_has_permissions_permission_id_foreign` FOREIGN KEY (`permission_id`) REFERENCES `permissions` (`id`) ON DELETE CASCADE,
  ADD CONSTRAINT `role_has_permissions_role_id_foreign` FOREIGN KEY (`role_id`) REFERENCES `roles` (`id`) ON DELETE CASCADE;

--
-- Limitadores para a tabela `times`
--
ALTER TABLE `times`
  ADD CONSTRAINT `times_id_usuario_foreign` FOREIGN KEY (`id_usuario`) REFERENCES `users` (`id`);

--
-- Limitadores para a tabela `times_participantes`
--
ALTER TABLE `times_participantes`
  ADD CONSTRAINT `times_participantes_id_campeonato_foreign` FOREIGN KEY (`id_campeonato`) REFERENCES `campeonatos` (`id`),
  ADD CONSTRAINT `times_participantes_id_time_foreign` FOREIGN KEY (`id_time`) REFERENCES `times` (`id`);

--
-- Limitadores para a tabela `time_participa_grupo`
--
ALTER TABLE `time_participa_grupo`
  ADD CONSTRAINT `time_participa_grupo_id_campeonato_foreign` FOREIGN KEY (`id_campeonato`) REFERENCES `campeonatos` (`id`),
  ADD CONSTRAINT `time_participa_grupo_id_time_foreign` FOREIGN KEY (`id_time`) REFERENCES `times` (`id`);
COMMIT;

/*!40101 SET CHARACTER_SET_CLIENT=@OLD_CHARACTER_SET_CLIENT */;
/*!40101 SET CHARACTER_SET_RESULTS=@OLD_CHARACTER_SET_RESULTS */;
/*!40101 SET COLLATION_CONNECTION=@OLD_COLLATION_CONNECTION */;
